,Unnamed: 0,ResI,dfi,dfi_stderr,pctdfi,pctdfi_stderr,ChainID,Res,avgdfi,avgdfiA,avgdfiB,delavgdfi,delavgdfiA,delavgdfiB,delavgdfiAB,delavgdfiBB
0,328,2.0,0.0022630282808081,8.60449666913727e-05,0.8299370692238538,0.0117664639218398,A,LYS,0.0035115141994854,0.0022630282808081,0.0047600001181627,-0.38126334832340025,-1.8282107652034,-1,-1,-1
1,329,3.0,0.0017767462760545,5.4206957002677166e-05,0.7414486921529178,0.0133100673365255,A,PRO,0.00280097334054355,0.0017767462760545,0.0038252004050326,-0.3435371436653501,-1.3700480481386,-1,-1,-1
2,330,4.0,0.0016476689738726,5.314374550614795e-05,0.6923455627381307,0.0167262943741953,A,VAL,0.002451730444393,0.0016476689738726,0.0032557919149134,-0.5101142315234505,-0.8448437533929,-1,-1,-1
3,331,5.0,0.0017882315780668,7.354408957509352e-05,0.7160623314354209,0.015961341055424,A,THR,0.00268630361608925,0.0017882315780668,0.0035843756541117,-0.48698507592615004,-0.7536932182234,-1,-1,-1
4,332,6.0,0.0018394384410262,7.277878770122605e-05,0.7356693351598957,0.0153850309725473,A,LEU,0.0027184994483786997,0.0018394384410262,0.0035975604557312,-0.6527650191501507,-0.8106739096,-1,-1,-1
5,333,7.0,0.0021761522391587,9.189873455033272e-05,0.8098805599554777,0.0113154321500955,A,TYR,0.0034258058022516,0.0021761522391587,0.0046754593653445,-0.7345370223176004,-1.3264025355353999,-1,-1,-1
6,334,8.0,0.0019775518037892,8.216848440586643e-05,0.7657219915236096,0.0138945495454659,A,ASP,0.0031055515424951996,0.0019775518037892,0.0042335512812012,-0.7356698055031005,-1.2727664852334002,-1,-1,-1
7,335,9.0,0.0018477101308882,6.0960225132844725e-05,0.7554261740656708,0.0129981981067152,A,VAL,0.00277170701940585,0.0018477101308882,0.0036957039079235,-0.7363065491682997,-1.0200511803254,-1,-1,-1
8,336,10.0,0.002184321611139,7.661596650482284e-05,0.8243717624898326,0.0095969186132733,A,ALA,0.0034743774267292,0.002184321611139,0.0047644332423194,-0.8935731060147503,-1.5142910545548,-1,-1,-1
9,337,11.0,0.0023414788488451,9.662013928465885e-05,0.8404897469925939,0.0094023499809717,A,GLU,0.0038414088734814496,0.0023414788488451,0.0053413388981178,-1.0099347306987503,-1.9010672812351999,-1,-1,-1
10,338,12.0,0.002206536934228,8.307605819155744e-05,0.8249282931632349,0.010045303625291,A,TYR,0.0034903402191967,0.002206536934228,0.0047741435041654,-1.0522157863857993,-1.7999106187504,-1,-1,-1
11,339,13.0,0.0023321775347853,7.349835970724204e-05,0.8572926923241581,0.0070412580194682,A,ALA,0.003736459733864,0.0023321775347853,0.0051407419329427,-1.0048893882754502,-1.8316612800539995,-1,-1,-1
12,340,14.0,0.0026327577711071,9.373245730922508e-05,0.8870028682734706,0.0057049387928695,A,GLY,0.00440941732661375,0.0026327577711071,0.0061860768821204,-1.1451260072430505,-2.3037542799654003,-1,-1,-1
13,341,15.0,0.0027067729848481,9.199917418892096e-05,0.8944304122607989,0.0059647224916178,A,VAL,0.00441536076290955,0.0027067729848481,0.006123948540971,-1.1419953134713996,-2.1781451080363,-1,-1,-1
14,342,16.0,0.0028056224983352,0.0001044747467915,0.8968919902393085,0.0077872960187315,A,SER,0.0045357855068636505,0.0028056224983352,0.0062659485153921,-1.1402752538454495,-2.1748714181435,-1,-1,-1
15,343,17.0,0.002582469868691,9.95966199555534e-05,0.8690440515433023,0.0096239617628973,A,TYR,0.00401195577133545,0.002582469868691,0.0054414416739799,-1.0702453959369005,-1.7809856107011999,-1,-1,-1
16,344,18.0,0.0027870888445824,0.0001072391279828,0.8893574211224795,0.0090578248315502,A,GLN,0.0042463300409831,0.0027870888445824,0.0057055712373838,-1.39691295930525,-2.0746182683546994,-1,-1,-1
17,345,19.0,0.002702533983439,8.673244985768032e-05,0.8893360160965795,0.0080397923694911,A,THR,0.0041407299837672,0.002702533983439,0.0055789259840954,-1.3127912049203998,-2.0243647647523,-1,-1,-1
18,346,20.0,0.0023110909083483,7.000790248751627e-05,0.8451560426388116,0.0094861545364301,A,VAL,0.0033755417528062498,0.0023110909083483,0.0044399925972642,-1.0441047870663502,-1.4244317373096005,-1,-1,-1
19,347,21.0,0.0023558475825433,9.066086480558374e-05,0.8365298172010786,0.0121005353071061,A,SER,0.0032593338640270995,0.0023558475825433,0.0041628201455109,-1.2880588455403503,-1.4314078000923,-1,-1,-1
20,348,22.0,0.0025987986845125,9.0493169485019e-05,0.8746735733550234,0.0086811120458631,A,ARG,0.00360399964303885,0.0025987986845125,0.0046092006015652,-1.6927572970648996,-1.9991733720020004,-1,-1,-1
21,349,23.0,0.0024224548734331,6.84111084557281e-05,0.8642065156898839,0.0078850565584994,A,VAL,0.0032667561773496003,0.0024224548734331,0.0041110574812661,-1.6453907571408501,-2.1040538099644004,-1,-1,-1
22,350,24.0,0.0021577800951548,7.488184447082487e-05,0.8179716597457083,0.0117267452324375,A,VAL,0.00263349983975455,0.0021577800951548,0.0031092195843543,-1.4827269529689002,-1.5494023755644,-1,-1,-1
23,351,25.0,0.0024359788907253,0.0001068534189243,0.8485594417569243,0.0111988071505864,A,ASN,0.0029692462029757,0.0024359788907253,0.0035025135152261,-1.4175468239183997,-1.1140217955492,-1,-1,-1
24,352,26.0,0.0026910090662417,9.554931952685966e-05,0.8843272400359604,0.0080276585178834,A,GLN,0.0033986317854052,0.0026910090662417,0.0041062545045687,-1.8419295490712,-1.6597399769577,-1,-1,-1
25,353,27.0,0.0029425610465177,0.0001032434190332,0.9062031765058433,0.0061697184496244,A,ALA,0.0040679892422764,0.0029425610465177,0.0051934174380351,-1.8197906110491002,-2.0903701813066,-1,-1,-1
26,354,28.0,0.0033138372628345,0.0001038158405948,0.9312042467571384,0.0039708849202435,A,SER,0.0046639442585218495,0.0033138372628345,0.0060140512542092,-1.6929294024061008,-2.1823352669584004,-1,-1,-1
27,355,29.0,0.0034173833482518,0.0001125796239195,0.9346932659788516,0.0041292334277403,A,HIS,0.0051493516602382,0.0034173833482518,0.0068813199722246,-1.4342471232788494,-2.4746072604697997,-1,-1,-1
28,356,30.0,0.0030836633966599,9.297765690248628e-05,0.919474292563894,0.0047278519900284,A,VAL,0.00477776571767645,0.0030836633966599,0.006471868038693,-1.8566019243328502,-3.1262090063696,-1,-1,-1
29,357,31.0,0.0032022465479024,9.71850113897954e-05,0.930048375358534,0.0034530815547546,A,SER,0.00524955512064395,0.0032022465479024,0.0072968636933855,-1.4883954053220503,-2.8803540192476005,-1,-1,-1
30,358,32.0,0.0032233030567471,9.017919221169877e-05,0.9322102829744424,0.0030039071512519,A,ALA,0.0051792019929341,0.0032233030567471,0.0071351009291211,-1.3211799456604505,-2.7077932448596003,-1,-1,-1
31,359,33.0,0.0031751908121248,9.42646034131676e-05,0.929919945203134,0.0034460192354338,A,LYS,0.0052025948680999995,0.0031751908121248,0.0072299989240752,-1.1716655179257507,-2.6391686036509996,-1,-1,-1
32,360,34.0,0.002834441269758,8.482049006631247e-05,0.9129243546384692,0.00382986615106,A,THR,0.0046469546480434,0.002834441269758,0.0064594680263288,-1.1765640121481,-2.3423334400961004,-1,-1,-1
33,361,35.0,0.0025901567167034,6.930799773893899e-05,0.8931461107067941,0.004441927853315,A,ARG,0.00407669708347935,0.0025901567167034,0.0055632374502553,-1.0563649593055497,-1.9158236338640005,-1,-1,-1
34,362,36.0,0.0027122783021242,7.327573592288522e-05,0.9051971402885396,0.0040939003666864,A,GLU,0.0042134417922605,0.0027122783021242,0.0057146052823968,-0.9675788150294,-1.9366660912430003,-1,-1,-1
35,363,37.0,0.0025490843979249,7.340725538610275e-05,0.890020976925382,0.0047976899183293,A,LYS,0.0040146190653772,0.0025490843979249,0.0054801537328295,-0.9271246840832507,-1.8475921258412003,-1,-1,-1
36,364,38.0,0.0021727337642345,5.644568693015688e-05,0.8445995119654094,0.0065740964412987,A,VAL,0.00330389360562995,0.0021727337642345,0.0044350534470254,-0.8289386979567506,-1.3560842939807,-1,-1,-1
37,365,39.0,0.0021276274285905,5.0414889565281993e-05,0.8401472665781925,0.0072051519241888,A,GLU,0.00306565256252855,0.0021276274285905,0.0040036776964666,-0.7565551095877997,-1.1826422351225003,-1,-1,-1
38,366,40.0,0.0022996140359266,5.988679839137355e-05,0.8633075046020809,0.0065415103955198,A,ALA,0.0033608304625221998,0.0022996140359266,0.0044220468891178,-0.7436516233448502,-1.3642916344323999,-1,-1,-1
39,367,41.0,0.0020191785907071,5.232046673982478e-05,0.8177147994349074,0.0086198182435035,A,ALA,0.00291616213932155,0.0020191785907071,0.003813145687936,-0.7503333449130501,-1.1652628035522004,-1,-1,-1
40,368,42.0,0.0017282958631631,3.779748217297101e-05,0.7564536153088742,0.011104402024156,A,MET,0.0022466228839144496,0.0017282958631631,0.0027649499046658,-0.6343734769954502,-0.6226123008901,-1,-1,-1
41,369,43.0,0.0019523325774289,4.737624868380592e-05,0.8081039428057707,0.0101291210010776,A,ALA,0.0025688151058232,0.0019523325774289,0.0031852976342175,-0.6743199472175002,-0.9521242307752001,-1,-1,-1
42,370,44.0,0.0020729545668313,5.5421832126387696e-05,0.824221927308532,0.0103561576782156,A,GLU,0.00275053355793255,0.0020729545668313,0.0034281125490338,-0.8523258316809,-1.2407470711967,-1,-1,-1
43,371,45.0,0.0017908667188283,4.7432313223356495e-05,0.7587867631319836,0.0146401788965081,A,LEU,0.00225279237726645,0.0017908667188283,0.0027147180357046,-0.8221838066031001,-0.9398263705875001,-1,-1,-1
44,372,46.0,0.0016641976173307,4.209594834914136e-05,0.7271287298257632,0.015329910911158,A,ASN,0.00198741360604995,0.0016641976173307,0.0023106295947692,-0.6496086878764497,-0.5555701785429998,-1,-1,-1
45,373,47.0,0.0014014145452252,3.0095726028728408e-05,0.622372533070765,0.0176684201849868,A,TYR,0.0015806634820456499,0.0014014145452252,0.0017599124188661,-0.5509197542613504,-0.14058068409569996,-1,-1,-1
46,374,48.0,0.0012725538035353,2.9072888823578694e-05,0.538700286827347,0.0201629783269792,A,ILE,0.00135955597233175,0.0012725538035353,0.0014465581411282,-0.41237851668345005,0.031277355644500085,-1,0,-1
47,375,49.0,0.0012669495202831,2.9994090706134204e-05,0.5298600111306137,0.0208474010865684,A,PRO,0.0013469289008864,0.0012669495202831,0.0014269082814897,-0.1361829540443499,0.08079339616320012,-1,0,-1
48,376,50.0,0.0011995799392575,3.193293560581963e-05,0.4781240635301169,0.0232388817227426,A,ASN,0.00120627154161845,0.0011995799392575,0.0012129631439794,-0.3162961630389499,-0.17162715196370001,-1,-1,-1
49,377,51.0,0.0012269651054632,3.0276413346171906e-05,0.5024829830044094,0.0211141325022112,A,ARG,0.0013204746631471,0.0012269651054632,0.001413984220831,-0.25371165609319996,-0.19018485113729988,-1,-1,-1
50,378,52.0,0.0012709593740663,4.643364390772103e-05,0.5002354552849009,0.0249445705509334,A,VAL,0.0013046231642137,0.0012709593740663,0.0013382869543611,-0.41545240006995,-0.2816586542552001,-1,-1,-1
51,379,53.0,0.0013379652150435,6.386144211730284e-05,0.5064215077700244,0.0278259926586973,A,ALA,0.00140901683140445,0.0013379652150435,0.0014800684477654,-0.37818702952120004,-0.22351957454410015,-1,-1,-1
52,380,54.0,0.001374992059573,3.965452191743153e-05,0.5825591848966137,0.0203284982622685,A,GLN,0.00148784557301415,0.001374992059573,0.0016006990864553,-0.10303354467225,-0.09642562104170008,-1,-1,-1
53,381,55.0,0.0014139555055976,3.6242958741619206e-05,0.6147095337985359,0.0189842749142778,A,GLN,0.0014802583450934,0.0014139555055976,0.0015465611845892,-0.09987877312570004,-0.11968720146959995,-1,-1,-1
54,382,56.0,0.0015334054143699,5.902563727396011e-05,0.6307847082494968,0.0206021287784098,A,LEU,0.0015296571721577,0.0015334054143699,0.0015259089299455,-0.25334521738245,-0.19855701026920003,-1,-1,-1
55,383,57.0,0.0015436443460945,6.657138845241583e-05,0.6191617791857529,0.0232495799163336,A,ALA,0.0016440213583848499,0.0015436443460945,0.0017443983706752,-0.24776479706370033,-0.21604657821830017,-1,-1,-1
56,384,58.0,0.0016190535777337,5.288119084486831e-05,0.6789246114987799,0.0212937992548799,A,GLY,0.001839090190479,0.0016190535777337,0.0020591268032243,0.03332406322095012,-0.03577573433969999,0,-1,0
57,385,59.0,0.0017040986585792,5.643398898738579e-05,0.7060661843400831,0.0202973567034602,A,LYS,0.00185314071560825,0.0017040986585792,0.0020021827726373,0.20802276472810005,0.16739931158180002,0,0,0
58,386,60.0,0.0016960183333753,4.828503539467153e-05,0.7161693565649215,0.0206828502111112,A,GLN,0.0017950010177344,0.0016960183333753,0.0018939837020935,0.18572144484769992,0.05465468621499987,0,0,0
59,387,61.0,0.0015631167707927,2.995507351098549e-05,0.6941435849137377,0.0157466188225869,A,SER,0.0016111682467951,0.0015631167707927,0.0016592197227975,0.13756279097610008,0.0978887980630002,0,0,0
60,388,62.0,0.0013245271915942,2.99718328636475e-05,0.5631448264052401,0.0216143807731446,A,LEU,0.0013530831254393,0.0013245271915942,0.0013816390592844,0.09199203712199985,-0.003906501647600114,0,0,0
61,389,63.0,0.001133790286081,2.732353979337968e-05,0.4361488077400572,0.022986280032039,A,LEU,0.00118080715799405,0.001133790286081,0.0012278240299071,0.021743250255449893,-0.11806950302870002,0,-1,0
62,390,64.0,0.0010388811555653,2.6295123338864988e-05,0.362686758850978,0.0229889810183768,A,ILE,0.00104783371933195,0.0010388811555653,0.0010567862830986,-0.003178752890349839,-0.09893264572740008,0,-1,0
63,391,65.0,0.0009712601168922,2.3142491849470545e-05,0.3111862665353824,0.0204852814183655,A,GLY,0.0009615340039506,0.0009712601168922,0.000951807891009,-0.04861098916005002,-0.1495120640616001,-1,-1,-1
64,392,66.0,0.0009302017324558,1.694332025127049e-05,0.2714585384648316,0.0160441452868985,A,VAL,0.00088280721650985,0.0009302017324558,0.0008354127005639,-0.037573639403999964,-0.06582066419950006,-1,-1,-1
65,393,67.0,0.0009624885302754,1.941892666171616e-05,0.2983860610471338,0.0176006428337831,A,ALA,0.00088095302499695,0.0009624885302754,0.0007994175197185,-0.04745855084590004,-0.06382498803469994,-1,-1,-1
66,394,68.0,0.0009936679105767,2.2104799433199337e-05,0.3315638511922599,0.0184331829625046,A,THR,0.000884946759504,0.0009936679105767,0.0007762256084313,0.022445001223000062,0.06918374726059998,0,0,0
67,395,69.0,0.0011094281148895,3.275845356069616e-05,0.4155999828759792,0.0241599404703258,A,SER,0.00096768995479035,0.0011094281148895,0.0008259517946912,0.04122896192494988,0.10409054771439992,0,0,0
68,396,70.0,0.0010562459529796,3.141883907333474e-05,0.3796609443897426,0.0252364487653573,A,SER,0.0008727727872805501,0.0010562459529796,0.0006892996215815,0.011675324028300012,0.15546307553810007,0,0,0
69,397,71.0,0.0011909775770955,4.057507067299805e-05,0.455520356179631,0.0271760119742888,A,LEU,0.0009486397347367,0.0011909775770955,0.0007063018923779,0.19277180087320012,0.3512812399436001,0,0,0
70,398,72.0,0.0013480124041007,4.8747596341409575e-05,0.5456783252707735,0.0258749393323726,A,ALA,0.0010834717180003,0.0013480124041007,0.0008189310318999,0.3742794006515999,0.5705909858954,0,0,0
71,399,73.0,0.0011725102048829,4.249752921817698e-05,0.4388244359775675,0.0267361313120466,A,LEU,0.0009786467789507,0.0011725102048829,0.0007847833530185,0.3323175767911001,0.4755761426613,0,0,0
72,400,74.0,0.0011307221239629,5.2099197685524895e-05,0.3993535682178174,0.0348165876582603,A,HIS,0.0009340547370778501,0.0011307221239629,0.0007373873501928,0.30503499029500014,0.4548810973373001,0,0,0
73,401,75.0,0.0010453833502058,3.404820696032424e-05,0.3677169399374972,0.0263294820373709,A,ALA,0.0008606933464167499,0.0010453833502058,0.0006760033426277,0.2091071044378499,0.3919121686105999,0,0,0
74,402,76.0,0.0010098605406512,2.4763011266681964e-05,0.3456697632604135,0.0202705101236516,A,PRO,0.0008203656759049,0.0010098605406512,0.0006308708111586,0.09364235769159998,0.2867178495717,0,0,0
75,403,77.0,0.0009696842992542,3.3650950645474115e-05,0.3098805599554775,0.0263589893074622,A,SER,0.00082104372591555,0.0009696842992542,0.0006724031525769,0.11189228503679999,0.25009511195980005,0,0,0
76,404,78.0,0.0009233319214624,3.416198977107486e-05,0.2714799434907317,0.0266278588565365,A,GLN,0.0008234797892691,0.0009233319214624,0.0007236276570758,0.15967326284344996,0.28981875913770005,0,0,0
77,405,79.0,0.0009298391950091,2.260763600031202e-05,0.2777088060276552,0.0189166676996346,A,ILE,0.00081191931453355,0.0009298391950091,0.000693999434058,0.0940497205269,0.2534122399359,0,0,0
78,406,80.0,0.000934970999666,2.535986291702072e-05,0.2779014512607559,0.0201934127514397,A,VAL,0.0008361839482068,0.000934970999666,0.0007373968967476,0.07294240492184995,0.19313588694130002,0,0,0
79,407,81.0,0.0009549699218357,3.683091449603447e-05,0.2862066013099876,0.0262470207135076,A,ALA,0.0009118590748602,0.0009549699218357,0.0008687482278847,0.18112906871014992,0.26938011282229996,0,0,0
80,408,82.0,0.0010020646811024,3.327951558200539e-05,0.3240292820754313,0.024762828641199,A,ALA,0.0009583681116785,0.0010020646811024,0.0009146715422546,0.18416639513584998,0.2882687610643999,0,0,0
81,409,83.0,0.0010139153196093,2.699568075872812e-05,0.3378141187550837,0.021664877994208,A,ILE,0.00095752005386605,0.0010139153196093,0.0009011247881228,0.10872721555385002,0.19516605968039993,0,0,0
82,410,84.0,0.0010256191319716,3.4780190061468966e-05,0.341624213365298,0.0241537475783078,A,LYS,0.0010138622671942502,0.0010256191319716,0.0010021054024169,0.14742048409150005,0.18085040494560004,0,0,0
83,411,85.0,0.0011154042077018,4.267597115520845e-05,0.4023288668179288,0.0265096831774741,A,SER,0.0011192724074497499,0.0011154042077018,0.0011231406071977,0.2278126020713498,0.2577956303361999,0,0,0
84,412,86.0,0.0012008069520902,3.7951972376256015e-05,0.4693908129628839,0.0235359229017927,A,ARG,0.00117700328646095,0.0012008069520902,0.0011531996208317,0.21388876723675002,0.2682405129487001,0,0,0
85,413,87.0,0.0011823687258566,3.7589028617976047e-05,0.4532728284601222,0.0238022867803145,A,ALA,0.0011764963829352499,0.0011823687258566,0.0011706240400139,0.16517044536744982,0.17504637291129982,0,0,0
86,414,88.0,0.0012530464876291,4.91710579981087e-05,0.4896399674643606,0.0263210946214548,A,ASP,0.0012778076901734,0.0012530464876291,0.0013025688927177,0.23593972245395006,0.21590747689989997,0,0,0
87,415,89.0,0.0013803196372271,5.134360899547414e-05,0.5648786335031464,0.0244133192851726,A,GLN,0.0014009136303504,0.0013803196372271,0.0014215076234737,0.29437812223294996,0.2764555484647999,0,0,0
88,416,90.0,0.0014296484933028,4.754351472742457e-05,0.5974356778971703,0.0220859832944025,A,LEU,0.0014295433112920999,0.0014296484933028,0.0014294381292814,0.25554813367969986,0.23697468963540003,0,0,0
89,417,91.0,0.0014518645700303,5.294717403603362e-05,0.6035575153045932,0.0234796609386487,A,GLY,0.0014796375057007502,0.0014518645700303,0.0015074104413712,0.2636201713888003,0.2129131265049,0,0,0
90,418,92.0,0.0012838492595599,4.009828489784787e-05,0.5211695706151805,0.0239523376611089,A,ALA,0.00130980174337955,0.0012838492595599,0.0013357542271992,0.15479624142115,0.09739625726839997,0,0,0
91,419,93.0,0.0011386464184805,3.380006014131022e-05,0.4282717582088274,0.0236975021438763,A,SER,0.00120499819664385,0.0011386464184805,0.0012713499748072,0.11112545087474976,0.0011851042700998342,0,0,0
92,420,94.0,0.001024722017358,2.3848938845111557e-05,0.3465473693223169,0.0200643243821611,A,VAL,0.00104807334191975,0.001024722017358,0.0010714246664815,0.055893657371200015,-0.018137360718199984,0,-1,0
93,421,95.0,0.0009857436962679,1.9300008676073885e-05,0.3185924054968105,0.0175620590828183,A,VAL,0.0009927752523246,0.0009857436962679,0.0009998068083813,-0.003622214238599951,-0.09935782181050008,0,-1,0
94,422,96.0,0.0009242861651423,1.788606112064083e-05,0.2665139774819127,0.0154192741398768,A,VAL,0.0009187872425209501,0.0009242861651423,0.0009132883198996,0.0003913076552001203,-0.08712728936770005,0,-1,0
95,423,97.0,0.00095994306252,2.0587742804848315e-05,0.2988783766428357,0.0177017685836296,A,SER,0.00092604211932835,0.00095994306252,0.0008921411761367,-0.032660992352199984,-0.11575379966990008,-1,-1,-1
96,424,98.0,0.0010450555135311,2.698847115217305e-05,0.3691724816987028,0.0218634049264166,A,MET,0.0009801883710872,0.0010450555135311,0.0009153212286433,0.03269115377104999,-0.023336791554099928,0,-1,0
97,425,99.0,0.0011371559907222,3.074098389091852e-05,0.4350999614709534,0.0218113228763539,A,VAL,0.00100244147430165,0.0011371559907222,0.0008677269578811,-0.0002724583247500599,0.026874928724399984,0,0,0
98,426,100.0,0.0013194409142338,3.4230783697726346e-05,0.5565734834539152,0.0188705055223885,A,GLU,0.0011721861454112,0.0013194409142338,0.0010249313765886,0.09825119180399992,0.14088179469470005,0,0,0
99,427,101.0,0.0018772576267104,6.275143438177503e-05,0.7595359390384862,0.016212700905916,A,ARG,0.0015056517982701498,0.0018772576267104,0.0011340459698299,0.30378607717674994,0.5784694679202,0,0,0
100,428,102.0,0.0019573099430266,7.77352431096959e-05,0.7588295731837832,0.0187109732887423,A,SER,0.0015450777299768998,0.0019573099430266,0.0011328455169272,0.3005072170517498,0.5981561514192,0,0,0
101,429,103.0,0.0017192686466963,5.747213916213635e-05,0.7155914208656191,0.0191292124148122,A,GLY,0.0014095058439798501,0.0017192686466963,0.0010997430412634,0.17833466022290004,0.35421279670289985,0,0,0
102,430,104.0,0.0015867213709802,4.2916256459722735e-05,0.6862665353825078,0.0201474125066689,A,VAL,0.0012993093577551,0.0015867213709802,0.00101189734453,0.059441716303300016,0.20326589709040002,0,0,0
103,431,105.0,0.0015153055141085,3.661590892271808e-05,0.6640481184982234,0.01771656748192,A,GLU,0.0013046244196584498,0.0015153055141085,0.0010939433252084,0.010988326721549741,0.04784763748569981,0,0,0
104,432,106.0,0.0014126037086328,3.286591480678868e-05,0.6164433408964428,0.0177614566078995,A,ALA,0.00122033568412585,0.0014126037086328,0.0010280676596189,0.029887331053050133,0.06582876582699988,0,0,0
105,433,107.0,0.0012969782893141,2.8272964396476156e-05,0.547112462006079,0.0198231068707788,A,CYS,0.0010842912113909501,0.0012969782893141,0.0008716041334678,-0.02669011729959994,0.04243548865769998,-1,0,-1
106,434,108.0,0.0013347256476147,2.8880678919135217e-05,0.5724988227235754,0.0199570177842114,A,LYS,0.00113122167669,0.0013347256476147,0.0009277177057653,-0.09349790063865014,-0.05036914713599998,-1,-1,-1
107,435,109.0,0.0013148857499061,2.910486556640394e-05,0.5662485551607518,0.01891324327322,A,THR,0.0011766475004248498,0.0013148857499061,0.0010384092509436,-0.06284151294190023,-0.09119713165380017,-1,-1,-1
108,436,110.0,0.0011769052342002,2.4858845751111436e-05,0.4728584271586968,0.0198771474490264,A,ALA,0.00106027603277925,0.0011769052342002,0.0009436468313583,-0.05871223682399991,-0.08753806740630002,-1,-1,-1
109,437,111.0,0.0011526729840649,2.538475465949164e-05,0.4514748062845156,0.021438035130156,A,VAL,0.0010302998730682,0.0011526729840649,0.0009079267620715,-0.12388165568090015,-0.15181738019659996,-1,-1,-1
110,438,112.0,0.0012139676702085,2.7924274258172805e-05,0.4989725587567961,0.0222205169285785,A,HIS,0.0011368333513486,0.0012139676702085,0.0010596990324887,-0.1391174888021498,-0.23875744083609987,-1,-1,-1
111,439,113.0,0.0011327325663574,2.6935084047921863e-05,0.4395950169099704,0.0226168572497699,A,ASN,0.00111555833793565,0.0011327325663574,0.0010983841095139,-0.10592206277349998,-0.24717156582859992,-1,-1,-1
112,440,114.0,0.0010017708869073,2.4158300900816733e-05,0.3302153345605548,0.0215573375938347,A,LEU,0.00100316685388115,0.0010017708869073,0.001004562820855,-0.1496410836032999,-0.29382458752330004,-1,-1,-1
113,441,115.0,0.0010489087562565,2.9366200251940213e-05,0.3669677640309946,0.0245879215334505,A,LEU,0.0010783508236257,0.0010489087562565,0.0011077928909949,-0.1949490166024998,-0.39396982444689993,-1,-1,-1
114,442,116.0,0.0010816769715124,3.0322183432917248e-05,0.398968277751616,0.0251218806458721,A,ALA,0.0011501038461903,0.0010816769715124,0.0012185307208682,-0.20306061583004986,-0.451242163078,-1,-1,-1
115,443,117.0,0.0009882818195258,2.7371059933989157e-05,0.3188920758594118,0.0229188472651476,A,GLN,0.0010707098196016001,0.0009882818195258,0.0011531378196774,-0.20335830753530001,-0.4442897059195,-1,-1,-1
116,444,118.0,0.0009793128682008,2.9845584296319105e-05,0.3135194143584914,0.0237557087247877,A,ARG,0.0011053201469188,0.0009793128682008,0.0012313274256368,-0.1784441400941002,-0.4796536656814,-1,-1,-1
117,445,119.0,0.001001860389021,2.980810189259156e-05,0.335266920672974,0.0252922051036026,A,VAL,0.001068506943869,0.001001860389021,0.001135153498717,-0.1049989989197499,-0.32153326631530005,-1,-1,-1
118,446,120.0,0.0011746423123519,3.699737542216341e-05,0.4507042253521126,0.029301665340571,A,SER,0.0011864768306103,0.0011746423123519,0.0011983113488687,-0.02461490063164983,-0.16811720779410003,-1,-1,-1
119,447,121.0,0.0011752097578107,3.176731832967373e-05,0.461535168457554,0.0250768095877978,A,GLY,0.0011231677448042,0.0011752097578107,0.0010711257317977,-0.024170513379649997,-0.07248817924659988,-1,-1,-1
120,448,122.0,0.0010968126773973,2.818973735779913e-05,0.4103985615822596,0.0235094720541847,A,LEU,0.0010065985489013,0.0010968126773973,0.0009163844204053,-0.058841422045399945,-0.05938040854639999,-1,-1,-1
121,449,123.0,0.0009977023254701,2.1423838050362367e-05,0.3283745023331478,0.0198169244504948,A,ILE,0.0009004892048228999,0.0009977023254701,0.0008032760841757,-0.0514335669417,-0.018337423125700057,-1,-1,-1
122,450,124.0,0.0009999441560422,2.377805500587855e-05,0.3272614409863436,0.0216892268401028,A,ILE,0.0008690337502391,0.0009999441560422,0.000738123344436,-0.06488665703430002,-0.015274938479700002,-1,-1,-1
123,451,125.0,0.0010306148668615,2.487969244495791e-05,0.3499079583886296,0.0211800642994643,A,ASN,0.00088417963616095,0.0010306148668615,0.0007377444054604,0.057918572582149996,0.1427792538574999,0,0,0
124,452,126.0,0.0011661666094082,3.176630172679226e-05,0.4491844685132069,0.022133552656782,A,TYR,0.0009661068345104501,0.0011661666094082,0.0007660470596127,0.07075884476705012,0.21818527417060005,0,0,0
125,453,127.0,0.0014166641248612,4.439726098394527e-05,0.593732608416456,0.020754341937831,A,PRO,0.00115900265879105,0.0014166641248612,0.0009013411927209,0.249239924531,0.4513820781778999,0,0,0
126,454,128.0,0.0015642640540273,4.144919934255287e-05,0.6838049574039985,0.0171703629621835,A,LEU,0.00130605426245945,0.0015642640540273,0.0010478444708916,0.2698795079031,0.45030988772740016,0,0,0
127,455,129.0,0.0017769029407579,4.790648672966235e-05,0.7619761119910956,0.0121691483928074,A,ASP,0.00156673443026555,0.0017769029407579,0.0013565659197732,0.4177724672070999,0.5349989550301,0,0,0
128,456,130.0,0.001795653624623,4.529807435371295e-05,0.7715013485166318,0.0111915012389998,A,ASP,0.0016662203302479,0.001795653624623,0.0015367870358728,0.4240894794703498,0.48007992397759996,0,0,0
129,457,131.0,0.0018656291807927,4.106613127409701e-05,0.7991566419795366,0.009312868992382,A,GLN,0.00168406471559235,0.0018656291807927,0.001502500250392,0.3638360383294999,0.46151131569570003,0,0,0
130,458,132.0,0.0017874267453956,3.568663813626091e-05,0.7805984845241664,0.0103628549863449,A,ASP,0.0015821731126121502,0.0017874267453956,0.0013769194798287,0.35427905773085017,0.4587069919094,0,0,0
131,459,133.0,0.0015481482412751,3.195069245860509e-05,0.6918532471424289,0.0133322385583233,A,ALA,0.0013862015089406,0.0015481482412751,0.0012242547766061,0.22668940312240002,0.30815206847539994,0,0,0
132,460,134.0,0.0016653297517271,3.43085349029958e-05,0.7407851363500149,0.0118175224146117,A,ILE,0.0015068987772805,0.0016653297517271,0.0013484678028339,0.22855119429005,0.31110955843399996,0,0,0
133,461,135.0,0.0017684387857701,3.500806548221869e-05,0.7691682006935231,0.0114130603659284,A,ALA,0.00158805539881995,0.0017684387857701,0.0014076720118698,0.27473969408275023,0.3413910450773001,0,0,0
134,462,136.0,0.0015604813952893,3.461250954358796e-05,0.6880859625840148,0.0162773031284049,A,VAL,0.0014041576295918,0.0015604813952893,0.0012478338638943,0.20165675993374996,0.2439695603830001,0,0,0
135,463,137.0,0.0015216838037891,3.574457607579187e-05,0.6648401044565264,0.0176441256972975,A,GLU,0.0014096412597285,0.0015216838037891,0.0012975987156679,0.15409985822799993,0.16910836011919994,0,0,0
136,464,138.0,0.001696507514559,4.095589492723227e-05,0.7326940365597844,0.015527015418685,A,ALA,0.0015543673834996002,0.001696507514559,0.0014122272524402,0.17010770870655012,0.1983861861384001,0,0,0
137,465,139.0,0.0016536054765576,4.273165476991915e-05,0.7117813262554046,0.0171525234004896,A,ALA,0.00153927009734735,0.0016536054765576,0.0014249347181371,0.18128914692989995,0.16903105853039996,0,0,0
138,466,140.0,0.00146306485402,4.1294517253263375e-05,0.6199537651440559,0.021342833453939,A,CYS,0.0014283565952693,0.00146306485402,0.0013936483365186,0.11468941497244992,0.042714839344499836,0,0,0
139,467,141.0,0.001738109195798,5.230823123581321e-05,0.7231259899824479,0.0189210241578202,A,THR,0.0017101118491297,0.001738109195798,0.0016821145024614,0.3372648413174002,0.26063107419540016,0,0,0
140,468,142.0,0.0018945001587838,6.49941613710098e-05,0.7505886382122523,0.0198989312612991,A,ASN,0.0017502447511866,0.0018945001587838,0.0016059893435894,0.31332787149529995,0.36080540370819997,0,0,0
141,469,143.0,0.001339693003693,4.452109331429828e-05,0.536602594289139,0.0273725337299032,A,VAL,0.0012770108753933,0.001339693003693,0.0012143287470936,-0.059343749703550004,-0.10269846491190002,-1,-1,-1
142,470,144.0,0.0013182973646755,3.478972617478079e-05,0.5483539535082838,0.0234887837739424,A,PRO,0.00120943090861,0.0013182973646755,0.0011005644525445,-0.04090433088995002,-0.029643055087999904,-1,-1,-1
143,471,145.0,0.0011856896231355,3.147210943322314e-05,0.4665653495440728,0.0252587149689642,A,ALA,0.00106181201391785,0.0011856896231355,0.0009379344047002,-0.07425230048529996,-0.03716349974770003,-1,-1,-1
144,472,146.0,0.001115008790345,2.7066002877201733e-05,0.4185110663983902,0.0232758455232323,A,LEU,0.00098178049496215,0.001115008790345,0.0008485521995793,-0.059212364856499944,0.027150148514899906,-1,0,-1
145,473,147.0,0.0010565218126583,2.693871465235782e-05,0.3696647972944046,0.0232305009601581,A,PHE,0.00091269685793555,0.0010565218126583,0.0007688719032128,-0.05734386613019996,0.0461593857950999,-1,0,-1
146,474,148.0,0.0010222059434105,2.711062443691903e-05,0.3442356265251081,0.0216333592199905,A,LEU,0.00087961926024745,0.0010222059434105,0.0007370325770844,0.0139779321600001,0.15320455757680015,0,0,0
147,475,149.0,0.0011660206484565,4.075140178485712e-05,0.4319962327154414,0.0262793303417775,A,ASP,0.00099380332106405,0.0011660206484565,0.0008215859936716,0.10175506127115008,0.3082508690875999,0,0,0
148,476,150.0,0.001240372751115,5.913085390496152e-05,0.4472794212080995,0.0274539027376442,A,VAL,0.00109023650845175,0.001240372751115,0.0009401002657885,0.10469961044835005,0.19765063709360006,0,0,0
149,477,151.0,0.0015571316389476,8.13825279674484e-05,0.5946958345819597,0.0267863499388981,A,SER,0.00131670669611165,0.0015571316389476,0.0010762817532757,0.13483780145384996,0.43077164042149985,0,0,0
150,478,152.0,0.0017942480207764,8.964407861608047e-05,0.6816216447621902,0.0236303439526584,A,ASP,0.00146946546245795,0.0017942480207764,0.0011446829041395,0.14208727778840008,0.5797463419569999,0,0,0
151,479,153.0,0.001764509896275,8.019423789676227e-05,0.695513506571343,0.0220101154260991,A,GLN,0.00154735122549745,0.001764509896275,0.0013301925547199,0.2399094024712,0.4363252746439001,0,0,0
152,480,154.0,0.0015750678079306,6.052218918276809e-05,0.6477588937882613,0.0222558423916189,A,THR,0.0014032769035784,0.0015750678079306,0.0012314859992262,0.11486211296090004,0.21915460116099994,0,0,0
153,481,155.0,0.0016460325139474,5.150749831133801e-05,0.7024059249111689,0.0187790937860775,A,PRO,0.0014459957443366499,0.0016460325139474,0.0012459589747259,0.1385463602513999,0.3587867173058001,0,0,0
154,482,156.0,0.0013908262053242,3.970970546834347e-05,0.5783209897683976,0.0221046871258395,A,ILE,0.0012793791373179,0.0013908262053242,0.0011679320693116,0.0606352977852,0.14151662970880002,0,0,0
155,483,157.0,0.0013119605430797,3.346297140820083e-05,0.5400488034590522,0.0210118657297526,A,ASN,0.0012014708661206,0.0013119605430797,0.0010909811891615,0.05954156567115009,0.15949197622680003,0,0,0
156,484,158.0,0.0011779914712107,3.343156077451683e-05,0.4420351898625799,0.0216594956899337,A,SER,0.0010308584655661,0.0011779914712107,0.0008837254599215,0.03340880706200009,0.18528495917279997,0,0,0
157,485,159.0,0.0011499622993903,3.644438509124452e-05,0.4179545357249881,0.0232414415486756,A,ILE,0.00098396143567015,0.0011499622993903,0.00081796057195,0.07863130409739984,0.25399707681179995,0,0,0
158,486,160.0,0.0010324342953497,3.133829502304696e-05,0.3404897469925938,0.0228315201436245,A,ILE,0.0008926712636302501,0.0010324342953497,0.0007529082319108,0.07142026746940003,0.21546397601790002,0,0,0
159,487,161.0,0.0008748856037315,1.964738500277512e-05,0.2297615480114732,0.0164416039301895,A,PHE,0.0008219359508386,0.0008748856037315,0.0007689862979457,0.06870539206569996,0.136413092043,0,0,0
160,488,162.0,0.0009695584856261,3.150140337861228e-05,0.3141615651354938,0.0248280002687333,A,SER,0.00094184805711475,0.0009695584856261,0.0009141376286034,0.12299468575760009,0.18043014090880002,0,0,0
161,489,163.0,0.0010620455783679,3.463449718001337e-05,0.3804529303480456,0.0268922195533108,A,HIS,0.00099128070541885,0.0010620455783679,0.0009205158324698,0.19651088003395,0.301088382976,0,0,0
162,490,164.0,0.0011176797290137,3.640823059496062e-05,0.4229419067597073,0.0276408512398083,A,GLU,0.0011150650508187998,0.0011176797290137,0.0011124503726239,0.23501656782244987,0.25157751907869996,0,0,0
163,491,165.0,0.0009771955768434,2.9671507280392583e-05,0.3191917462220129,0.0228890613067788,A,ASP,0.0010433958907593,0.0009771955768434,0.0011095962046752,0.1581143253495999,0.10942932752989998,0,0,0
164,492,166.0,0.0008791074111125,2.514455186274732e-05,0.2399075302881116,0.018842979719899,A,GLY,0.0009192752595031,0.0008791074111125,0.0009594431078937,0.1367673503356499,0.12216009831469998,0,0,0
165,493,167.0,0.0010148746802479,2.9484637299826296e-05,0.3409606575623954,0.0228807583781395,A,THR,0.00102909954184605,0.0010148746802479,0.0010433244034442,0.23269763143199992,0.22884310926729992,0,0,0
166,494,168.0,0.0010776469514101,3.009616959326058e-05,0.3875808039727726,0.0233121869363895,A,ARG,0.0011415993950927,0.0010776469514101,0.0012055518387753,0.23450962903214986,0.16315240967249997,0,0,0
167,495,169.0,0.0009783736189624,2.5790818700436345e-05,0.3108865961727814,0.0206166919044018,A,LEU,0.0010665989855203999,0.0009783736189624,0.0011548243520784,0.18611668204119983,0.07085862440500007,0,0,0
168,496,170.0,0.0009426830190228,2.8613837889542985e-05,0.2793998030737618,0.0224981907344878,A,GLY,0.00100457447971625,0.0009426830190228,0.0010664659404097,0.21162466470454996,0.13582021266369995,0,0,0
169,497,171.0,0.0011381621175716,3.5271587577675895e-05,0.413716340596772,0.0247615952842844,A,VAL,0.0011736339474681,0.0011381621175716,0.0012091057773646,0.27033908881755,0.20543857924320014,0,0,0
170,498,172.0,0.0011849338933103,3.771495624888334e-05,0.4482212423477032,0.0259841127674194,A,GLU,0.00124123123520235,0.0011849338933103,0.0012975285770944,0.25353919897655,0.15775925062960014,0,0,0
171,499,173.0,0.0010829677852308,3.4780764761163104e-05,0.3763859754270303,0.0258958555866599,A,HIS,0.0011542582083307,0.0010829677852308,0.0012255486314306,0.19122352198029993,0.06581334257200014,0,0,0
172,500,174.0,0.001183903770307,4.06182743239109e-05,0.438738815873967,0.0277494034939059,A,LEU,0.0012079675930381,0.001183903770307,0.0012320314157692,0.23702303903125008,0.15663761045930014,0,0,0
173,501,175.0,0.0013429458994598,4.791582066868994e-05,0.5329209298343252,0.0281977235956195,A,VAL,0.0013749590077988,0.0013429458994598,0.0014069721161378,0.30900828328645025,0.2173622856767,0,0,0
174,502,176.0,0.0013577584627153,4.815941653158794e-05,0.5435592277066652,0.0285509684451156,A,ALA,0.00140457290957285,0.0013577584627153,0.0014513873564304,0.27190259209564993,0.17693592289999993,0,0,0
175,503,177.0,0.001356874115003,4.945605531957906e-05,0.5402628537180528,0.0298160400349596,A,LEU,0.00137311541765925,0.001356874115003,0.0013893567203155,0.2242069961263498,0.153657909936,0,0,0
176,504,178.0,0.0014969398573266,5.599565470389992e-05,0.6104713386703199,0.0292898451223168,A,GLY,0.0014999921885033999,0.0014969398573266,0.0015030445196802,0.30399753970704974,0.2284666674639,0,0,0
177,505,179.0,0.0014505297908632,5.1339449982027264e-05,0.592855002354553,0.027926001229012,A,HIS,0.001435671109675,0.0014505297908632,0.0014208124284868,0.32846275208339976,0.2808787582976998,0,0,0
178,506,180.0,0.0016374098421883,5.689031385420286e-05,0.6818999100988911,0.0242524721737482,A,GLN,0.00160168079045555,0.0016374098421883,0.0015659517387228,0.42233040023410007,0.4029660612272,0,0,0
179,507,181.0,0.0015821596670339,5.311656465417218e-05,0.6658461406738302,0.0223092485351087,A,GLN,0.00153153365427915,0.0015821596670339,0.0014809076415244,0.3919085499580501,0.38947318561590005,0,0,0
180,508,182.0,0.0014163869035365,4.09707060109187e-05,0.596108566291365,0.0211843205055217,A,ILE,0.00136526143207945,0.0014163869035365,0.0013141359606224,0.35361212098164996,0.36738228271789997,0,0,0
181,509,183.0,0.0014270864872772,3.683691061787514e-05,0.6103429085149193,0.0193150842630366,A,ALA,0.0013388456251661502,0.0014270864872772,0.0012506047630551,0.37135731017265006,0.43249507966920003,0,0,0
182,510,184.0,0.0013310688980641,3.308288517952378e-05,0.5533413245430024,0.0186131478102989,A,LEU,0.00124303908132985,0.0013310688980641,0.0011550092645956,0.3376393593562,0.41671840141030003,0,0,0
183,511,185.0,0.0012600929344148,2.895947170725284e-05,0.5125005351256474,0.0186503629088233,A,LEU,0.0011405401428833,0.0012600929344148,0.0010209873513518,0.31298958255635,0.4264561450902,0,0,0
184,512,186.0,0.001348373424744,3.2481746050926965e-05,0.5693950939680636,0.0190239652881552,A,ALA,0.0011752525976715502,0.001348373424744,0.0010021317705991,0.3439031395777502,0.4895298932537001,0,0,0
185,513,187.0,0.0014521170211931,3.78428555716327e-05,0.6233999743139687,0.0184488231771732,A,GLY,0.0012137253336716,0.0014521170211931,0.0009753336461501,0.3884073921407501,0.6490368859179,0,0,0
186,514,188.0,0.0016740659474939,4.367528515679774e-05,0.7281561710689669,0.0136092772800286,A,PRO,0.00148622426755165,0.0016740659474939,0.0012983825876094,0.542873385176,0.7498275258138999,0,0,0
187,515,189.0,0.0018134448559102,5.510680417582716e-05,0.7556830343764712,0.0175764013863512,A,LEU,0.00167524981651945,0.0018134448559102,0.0015370547771287,0.61208878576065,0.7715700432099,0,0,0
188,516,190.0,0.0019451467326271,5.658601127961815e-05,0.8062631105783634,0.0100754326452599,A,SER,0.0017605776135528,0.0019451467326271,0.0015760084944785,0.6875612170451999,0.8957826644545,0,0,0
189,517,191.0,0.0017015406024667,5.017540057008732e-05,0.7269788946444626,0.0155443515361946,A,SER,0.0014793551125536,0.0017015406024667,0.0012571696226405,0.5414949834746501,0.7882190566001,0,0,0
190,518,192.0,0.0016475800586275,4.8743640542617046e-05,0.702405924911169,0.0168411081149159,A,VAL,0.00138239622629535,0.0016475800586275,0.0011172123939632,0.4465496637978501,0.7398197187276001,0,0,0
191,519,193.0,0.0015200010957837,4.9677134399805865e-05,0.6330536409949055,0.0245367798840576,A,SER,0.00123522957490085,0.0015200010957837,0.000950458054018,0.39811494463875,0.7079516028426001,0,0,0
192,520,194.0,0.0014417428619668,4.191637731761674e-05,0.6092298471681151,0.0205149885321576,A,ALA,0.0012061462727676001,0.0014417428619668,0.0009705496835684,0.3818321454770002,0.6485530258687,0,0,0
193,521,195.0,0.0015210548385238,4.129418685384489e-05,0.6550580076201892,0.0163567218557966,A,ARG,0.0013591566390807,0.0015210548385238,0.0011972584396376,0.4360456914605501,0.6308506445694001,0,0,0
194,522,196.0,0.0014390601414141,3.93509544344042e-05,0.6114987799135236,0.0183215189973254,A,LEU,0.00128490672764415,0.0014390601414141,0.0011307533138742,0.38849607014215,0.5888286785259,0,0,0
195,523,197.0,0.0012947454526385,3.430653146573633e-05,0.5267990924269017,0.0197768046328974,A,ARG,0.00112865783153585,0.0012947454526385,0.0009625702104332,0.3223873890644501,0.5317960340287999,0,0,0
196,524,198.0,0.0014383766900868,3.700994374719384e-05,0.618926323900852,0.0162110819159324,A,LEU,0.0012952380697506,0.0014383766900868,0.0011520994494144,0.41894268301649995,0.6014243731693001,0,0,0
197,525,199.0,0.0015559295375332,3.9625200116769e-05,0.6808510638297873,0.0149354509621846,A,ALA,0.0014403078366845,0.0015559295375332,0.0013246861358358,0.4708314390933499,0.6254861189465999,0,0,0
198,526,200.0,0.0013629902407506,3.6363232415725856e-05,0.5699944346932657,0.019736691144649,A,GLY,0.00128411265840735,0.0013629902407506,0.0012052350760641,0.3747386534747499,0.49216967414739987,0,0,0
199,527,201.0,0.0013002923240026,3.5006183104760016e-05,0.5311871227364187,0.0196567310521708,A,TRP,0.00124728899531365,0.0013002923240026,0.0011942856666247,0.35907822501514985,0.4265497746234999,0,0,0
200,528,202.0,0.0015658210587865,4.039782583718505e-05,0.6866090157969094,0.0143786544485248,A,HIS,0.0014817918916251501,0.0015658210587865,0.0013977627244638,0.46864648071060033,0.5587700618268001,0,0,0
201,529,203.0,0.0015762216083793,4.035817179216306e-05,0.6911682863136266,0.0147500012861479,A,LYS,0.00151427112693455,0.0015762216083793,0.0014523206454898,0.45852918935785,0.5304197903938002,0,0,0
202,530,204.0,0.0014035078911813,3.7664798611801896e-05,0.5952523652553616,0.0190406382873459,A,TYR,0.001389625535219,0.0014035078911813,0.0013757431792567,0.37173776700965006,0.36137537687810006,0,0,0
203,531,205.0,0.0014995091259809,4.501595517292301e-05,0.638661757780727,0.0199877798986275,A,LEU,0.0014688865920257001,0.0014995091259809,0.0014382640580705,0.3993677277640503,0.39644383257409993,0,0,0
204,532,206.0,0.0017280905280303,4.968209647177874e-05,0.7456440772293335,0.0152215915099911,A,THR,0.0016716736081931,0.0017280905280303,0.0016152566883559,0.45989087905985,0.5097168372352001,0,0,0
205,533,207.0,0.0016532026325191,4.796252462764434e-05,0.7124876921101072,0.0173825808472351,A,ARG,0.0016361931600017,0.0016532026325191,0.0016191836874843,0.2977959152296499,0.2734654905830998,0,0,0
206,534,208.0,0.0016080360315339,5.432107542634544e-05,0.6756924525878675,0.0227401098687559,A,ASN,0.00160302574053745,0.0016080360315339,0.001598015449541,0.19587792184705,0.0397010829186,0,0,0
207,535,209.0,0.0018005390843735,6.10025213749944e-05,0.7484267305963441,0.0200003628269063,A,GLN,0.0017608302268293501,0.0018005390843735,0.0017211213692852,0.32671823762545027,0.16559003231080005,0,0,0
208,536,210.0,0.0017219198497726,5.593427155892864e-05,0.7278350956804658,0.0194384133704421,A,ILE,0.0016734625140757,0.0017219198497726,0.0016250051783788,0.25884702983910013,0.06879514599900019,0,0,0
209,537,211.0,0.0018906105528312,5.487434131645108e-05,0.7858427158696862,0.0156862099498749,A,GLN,0.00176199645453895,0.0018906105528312,0.0016333823562467,0.47785965437854977,0.4989282208083998,0,0,0
210,538,212.0,0.0017704447429292,5.224974160766132e-05,0.745986557643735,0.0183595027920081,A,PRO,0.0016237541022756001,0.0017704447429292,0.001477063461622,0.4997404536909501,0.5963242701415001,0,0,0
211,539,213.0,0.0018397556774891,5.028598413748853e-05,0.7808767498608675,0.0144729269539466,A,ILE,0.0016985181460422,0.0018397556774891,0.0015572806145953,0.49639097977055,0.5873344243118,0,0,0
212,540,214.0,0.0017474938525732,4.399612609275746e-05,0.7603279249967894,0.0142136661840364,A,ALA,0.0016002067479161,0.0017474938525732,0.001452919643259,0.46668580433799994,0.5717735070729999,0,0,0
213,541,215.0,0.0016968137477404,4.372082839664332e-05,0.738473393552806,0.0157499246955561,A,GLU,0.0015411461275915998,0.0016968137477404,0.0013854785074428,0.47727073625719985,0.5977743765158999,0,0,0
214,542,216.0,0.0016240733232257,4.2544547664518e-05,0.706301639624984,0.0170595474295766,A,ARG,0.001448776733741,0.0016240733232257,0.0012734801442563,0.42156334220429986,0.5709395324838,0,0,0
215,543,217.0,0.0016308370692762,4.289426287031983e-05,0.7078213964638895,0.01641652537152,A,GLU,0.0014105386569762,0.0016308370692762,0.0011902402446762,0.42535890779995006,0.6242916158976999,0,0,0
216,544,218.0,0.0014345855172245,3.639221132911992e-05,0.6137249026071322,0.0180255505538176,A,GLY,0.00123645740977405,0.0014345855172245,0.0010383293023236,0.31920632900235,0.5317622916489,0,0,0
217,545,219.0,0.0014513107015275,3.7353243476410975e-05,0.6208099661800592,0.0181427034781527,A,ASP,0.00125551849439125,0.0014513107015275,0.001059726287255,0.3384958772363999,0.5859510283425,0,0,0
218,546,220.0,0.0012021565684703,3.195102611961157e-05,0.4782738987114174,0.0221887597027997,A,TRP,0.00105288736384025,0.0012021565684703,0.0009036181592102,0.2174106173047,0.44541401104369993,0,0,0
219,547,221.0,0.0010592329366922,2.6410010137781137e-05,0.3805599554775459,0.0208752353026207,A,SER,0.00096617118724575,0.0010592329366922,0.0008731094377993,0.21844081618824998,0.35118347941809996,0,0,0
220,548,222.0,0.0008996491936397,2.0087685626826454e-05,0.2550408835994691,0.0172178353850162,A,ALA,0.0008408543423794,0.0008996491936397,0.0007820594911191,0.19045925151230006,0.2656707902398,0,0,0
221,549,223.0,0.0011299784632382,2.475841636392464e-05,0.4336658247356481,0.0188424322674326,A,MET,0.0010257763732579,0.0011299784632382,0.0009215742832776,0.23484699445074997,0.36034713786789996,0,0,0
222,550,224.0,0.0012945075503686,3.0773954470902724e-05,0.537608630506443,0.0188178913793134,A,SER,0.0011504614536151,0.0012945075503686,0.0010064153568616,0.31483906105925,0.48416951980679995,0,0,0
223,551,225.0,0.0011260201482598,2.526480035874935e-05,0.427394152146924,0.0194669008041364,A,GLY,0.0010087081548125,0.0011260201482598,0.0008913961613652,0.2532173695678,0.3867215308181,0,0,0
224,552,226.0,0.0011507932251514,2.4406297546747447e-05,0.4478573569074019,0.0189912191956484,A,PHE,0.00103922871675785,0.0011507932251514,0.0009276642083643,0.22941733915674997,0.3522635334986999,0,0,0
225,553,227.0,0.0014209873519306,3.593554081980743e-05,0.606083308360803,0.0194539677861715,A,GLN,0.001268618600574,0.0014209873519306,0.0011162498492174,0.3224285258880001,0.4788063939113,0,0,0
226,554,228.0,0.0014686049225239,3.898685173469193e-05,0.6268033734320818,0.0208063807322158,A,GLN,0.0013096009813164,0.0014686049225239,0.0011505970401089,0.3574793744329,0.5060556764754001,0,0,0
227,555,229.0,0.0013406659817564,3.2831035998411e-05,0.5633374716383406,0.0206788123806384,A,THR,0.00121547815860535,0.0013406659817564,0.0010902903354543,0.3003675953315001,0.41153714158689986,0,0,0
228,556,230.0,0.0015046984569371,3.999338209180377e-05,0.6464745922342565,0.0198839280337103,A,MET,0.0013562594273242,0.0015046984569371,0.0012078203977113,0.3449186502087001,0.4775331384679999,0,0,0
229,557,231.0,0.001717615849626,5.1280989470857656e-05,0.721884498480243,0.0205157376538276,A,GLN,0.0015521629820769,0.001717615849626,0.0013867101145278,0.4266247633667999,0.5557561397244,0,0,0
230,558,232.0,0.0016470893209607,4.842234046816391e-05,0.6989811207671561,0.0212586193728068,A,MET,0.0015184616837615999,0.0016470893209607,0.0013898340465625,0.4045000171002998,0.4925122841444001,0,0,0
231,559,233.0,0.0016200747888772,4.813377547178531e-05,0.6911040712359262,0.0205555373649076,A,LEU,0.0015073061410592,0.0016200747888772,0.0013945374932412,0.3827233972586001,0.46375978709160004,0,0,0
232,560,234.0,0.0018990657339662,5.542316390831353e-05,0.782867417269575,0.0150880056723094,A,ASN,0.00172917463227625,0.0018990657339662,0.0015592835305863,0.47778733237710014,0.6257087657538,0,0,0
233,561,235.0,0.0021154891729071,5.3120320036066285e-05,0.8375358534183829,0.0099255816310903,A,GLU,0.0018993803702611499,0.0021154891729071,0.0016832715676152,0.5487084228702998,0.7110936329372,0,0,0
234,562,236.0,0.0021997290778638,6.798918415457489e-05,0.8384562695320861,0.0108579605989329,A,GLY,0.00206300903307655,0.0021997290778638,0.0019262889882893,0.7176739522033,0.7639059852108001,0,0,0
235,563,237.0,0.0020287912102994,5.5114213246358446e-05,0.8208399332163191,0.0122394101738638,A,ILE,0.00189870744287695,0.0020287912102994,0.0017686236754545,0.6492840678614502,0.7515322823019001,0,0,0
236,564,238.0,0.0017110153767939,4.8339027286768005e-05,0.7369964467657005,0.0164072991257259,A,VAL,0.0015926509658489001,0.0017110153767939,0.0014742865549039,0.43740763764005003,0.5015828534135001,0,0,0
237,565,239.0,0.0015287710479563,4.223181968443474e-05,0.6583115715570019,0.0189653216296066,A,PRO,0.00144118478322455,0.0015287710479563,0.0013535985184928,0.36616078531055,0.40573811646409996,0,0,0
238,566,240.0,0.0014454211174933,4.353565660649235e-05,0.6061475234385035,0.0222119378702682,A,THR,0.0013756417904902,0.0014454211174933,0.0013058624634871,0.3139469294804499,0.33069124957909996,0,0,0
239,567,241.0,0.0012781881451438,3.694370196791126e-05,0.5087332505672331,0.0238071868489274,A,ALA,0.0012223021336951,0.0012781881451438,0.0011664161222464,0.28592968465774987,0.30208095898349996,0,0,0
240,568,242.0,0.0012553107307608,3.327879494910112e-05,0.5059934072520226,0.0224824297040052,A,MET,0.0011825498884949501,0.0012553107307608,0.0011097890462291,0.3315174618479501,0.37268419634049993,0,0,0
241,569,243.0,0.0010804880922301,2.681849557450835e-05,0.3908557729354852,0.0206014841488457,A,LEU,0.00103001990662615,0.0010804880922301,0.0009795517210222,0.25843743250030016,0.30078281157910003,0,0,0
242,570,244.0,0.0009501995724475,2.1670564475395243e-05,0.2891818999100989,0.0177553020820073,A,VAL,0.00089226081719995,0.0009501995724475,0.0008343220619524,0.20362711640380007,0.26938105212959995,0,0,0
243,571,245.0,0.0009677604020376,2.4697464211855276e-05,0.3056851748790616,0.0193420322937846,A,ALA,0.0009007133868392499,0.0009677604020376,0.0008336663716409,0.24290933873919981,0.3156581655236999,0,0,0
244,572,246.0,0.000810484105833,2.4115515410389764e-05,0.1948499507684404,0.0167003848660119,A,ASN,0.0007430383701927,0.000810484105833,0.0006755926345524,0.1471644470324,0.2596811068428,0,0,0
245,573,247.0,0.0006357552914902,2.100876613107124e-05,0.0731409735005779,0.0093861486615391,A,ASP,0.00064759362264695,0.0006357552914902,0.0006594319538037,0.11572078533324996,0.12415041488020002,0,0,0
246,574,248.0,0.0007697513149592,2.738088747042104e-05,0.1732522796352583,0.0178610379518647,A,GLN,0.00071250783870415,0.0007697513149592,0.0006552643624491,0.16746329492955003,0.26338825144290007,0,0,0
247,575,249.0,0.0009075707864724,2.2591869393094687e-05,0.2605633802816901,0.0188082840491577,A,MET,0.0008135220133704,0.0009075707864724,0.0007194732402684,0.18431433001165004,0.30567901487540006,0,0,0
248,576,250.0,0.0007808559215473,1.730236726160819e-05,0.1557857785007919,0.0126533491715742,A,ALA,0.0007391858098699999,0.0007808559215473,0.0006975156981927,0.12390871594289984,0.16918608635139998,0,0,0
249,577,251.0,0.0007215623254748,1.757035020711424e-05,0.1135322573740314,0.0104099317664834,A,LEU,0.0006875310839999,0.0007215623254748,0.000653499842525,0.09186535311415012,0.13847174413770005,0,0,0
250,578,252.0,0.0008931828410422,1.8508631125949475e-05,0.2473778843272399,0.0162081713647453,A,GLY,0.00081480635252975,0.0008931828410422,0.0007364298640173,0.13369746276065,0.228577042837,0,0,0
251,579,253.0,0.000987856760937,1.951353662340912e-05,0.323965066997731,0.0167568357457308,A,ALA,0.0009098861073848501,0.000987856760937,0.0008319154538327,0.16790557365070005,0.2420899032002001,0,0,0
252,580,254.0,0.0008993009923139,1.818297641872475e-05,0.2526863307504602,0.0148121599384492,A,MET,0.00084396728205815,0.0008993009923139,0.0007886335718024,0.11471353949209999,0.1634911855546,0,0,0
253,581,255.0,0.0009429866248352,1.8268800675227503e-05,0.290016695920202,0.0157783206370987,A,ARG,0.00086621876624635,0.0009429866248352,0.0007894509076575,0.11339996969730003,0.19210646341269996,0,0,0
254,582,256.0,0.0011507930980184,2.388951053092011e-05,0.4513463761291152,0.0186125070885046,A,ALA,0.0010481210722226,0.0011507930980184,0.0009454490464268,0.18901516028824997,0.2877618383197,0,0,0
255,583,257.0,0.0011919087607219,2.846820061039815e-05,0.4762190162250095,0.0202899491035516,A,ILE,0.00109906151783145,0.0011919087607219,0.001006214274941,0.20216946632379998,0.27743482092169997,0,0,0
256,584,258.0,0.0011702117394615,2.977978583237039e-05,0.4598013613596472,0.0221600771429006,A,THR,0.00107642038882395,0.0011702117394615,0.0009826290381864,0.17013146395950007,0.25210368092550006,0,0,0
257,585,259.0,0.0012850135254322,2.9166370185660644e-05,0.5452502247527717,0.0203456232546185,A,GLU,0.0011650777588619499,0.0012850135254322,0.0010451419922917,0.20335599557499984,0.3150762056972999,0,0,0
258,586,260.0,0.0014362551638851,3.541852988668188e-05,0.6221156727599638,0.0197466065022577,A,SER,0.00132666874468,0.0014362551638851,0.0012170823254749,0.25877934539659997,0.34520758857369993,0,0,0
259,587,261.0,0.0014765922355559,4.007970527478711e-05,0.6367567104756201,0.0205514398057706,A,GLY,0.0013529913888965998,0.0014765922355559,0.0012293905422373,0.25948110542779995,0.3608906933656999,0,0,0
260,588,262.0,0.001405432954453,4.07180800649166e-05,0.5933045078984546,0.0219023049503601,A,LEU,0.0013093743176571999,0.001405432954453,0.0012133156808614,0.258596029749,0.32292248047450006,0,0,0
261,589,263.0,0.0012939275319501,3.793779788314263e-05,0.524444539577893,0.0231138661392158,A,ARG,0.0012213346915177499,0.0012939275319501,0.0011487418510854,0.22665864720509987,0.2656463146403999,0,0,0
262,590,264.0,0.0010994349890355,2.8230223036627005e-05,0.4002739843315209,0.0218715999814265,A,VAL,0.00104926017849205,0.0010994349890355,0.0009990853679486,0.17259472556514993,0.18804095773719998,0,0,0
263,591,265.0,0.001147942715415,3.4284751464691775e-05,0.4262168757224196,0.0257691509310094,A,GLY,0.0011147858091397,0.001147942715415,0.0010816289028644,0.18069005365714996,0.17182862028199988,0,0,0
264,592,266.0,0.0013300933297956,4.230501871518679e-05,0.5357892033049362,0.0255380005624546,A,ALA,0.0012986117668866,0.0013300933297956,0.0012671302039776,0.23524895209575009,0.21540393772890004,0,0,0
265,593,267.0,0.0013728886966713,4.5343875792991e-05,0.5583501006036217,0.025127015706806,A,ASP,0.0013267162370352499,0.0013728886966713,0.0012805437773992,0.2619537145573999,0.2561168550115,0,0,0
266,594,268.0,0.0012551406123823,3.349502997661032e-05,0.5064857228477244,0.0214746307337036,A,ILE,0.00119899141397965,0.0012551406123823,0.001142842215577,0.2459941647955,0.2573198977534998,0,0,0
267,595,269.0,0.001132491415334,2.7373502751098423e-05,0.423434222355409,0.0205141602550616,A,SER,0.00108867015391915,0.001132491415334,0.0010448488925043,0.2014595311627999,0.20265558247310006,0,0,0
268,596,270.0,0.0009206382546787,1.970165567553462e-05,0.2676484438546169,0.01748029578312,A,VAL,0.0009089168560378,0.0009206382546787,0.0008971954573969,0.14451027987904988,0.13119919571689997,0,0,0
269,597,271.0,0.0008004943076882,1.804711175749724e-05,0.1682435035746393,0.0148086279250672,A,VAL,0.00081892247641685,0.0008004943076882,0.0008373506451455,0.10451018569465002,0.06449856914540004,0,0,0
270,598,272.0,0.0006705549993576,1.8253104372650293e-05,0.0855986985744252,0.0114268646995561,A,GLY,0.00067862077440615,0.0006705549993576,0.0006866865494547,0.05721062305984995,0.0400597551574,0,0,0
271,599,273.0,0.0006562838689491,2.133435668839791e-05,0.0846782824607217,0.0120247728960954,A,TYR,0.00067437662601105,0.0006562838689491,0.000692469383073,0.05269576701810003,0.05057965797079995,0,0,0
272,600,274.0,0.0006502186063497,2.39084749562538e-05,0.0885954022004366,0.0120362537168418,A,ASP,0.00066071588414995,0.0006502186063497,0.0006712131619502,0.06378712974434997,0.09876638355259997,0,0,0
273,601,275.0,0.0005560538912478,1.8277082280549305e-05,0.0406909542360545,0.0064001231980103,A,ASP,0.0006431012721781,0.0005560538912478,0.0007301486531084,0.005065785996450061,-0.025643522471400018,0,-1,0
274,602,276.0,0.0006048674916191,2.209208089130341e-05,0.06318763645704,0.0087144432087921,A,THR,0.00067899611071645,0.0006048674916191,0.0007531247298138,0.0822823453193,-0.02302681967780002,0,-1,0
275,603,277.0,0.0008378292389666,2.79166773880034e-05,0.2198082109679351,0.0185070359338023,A,GLU,0.0008592305475019499,0.0008378292389666,0.0008806318560373,0.18291971189219994,0.1613554099678,0,0,0
276,604,278.0,0.00079614760327,2.546354104603355e-05,0.1765700586497709,0.0182895332958771,A,ASP,0.00085598819333155,0.00079614760327,0.0009158287833931,0.20805875637084997,0.21894984921110006,0,0,0
277,605,279.0,0.0007031471117577,2.0626388005440008e-05,0.1100004281005179,0.0101926672374995,A,SER,0.0008011330844665,0.0007031471117577,0.0008991190571753,0.15554677218845,0.09364783885040004,0,0,0
278,606,280.0,0.000716535732014,1.8627695748636885e-05,0.1185410334346503,0.0128724799058313,A,SER,0.0008059986413129,0.000716535732014,0.0008954615506118,0.10132103481335004,0.018466744501800022,0,0,0
279,607,281.0,0.0007308345062319,1.8199015334000525e-05,0.1197825249368551,0.011933923505314,A,CYS,0.0007786596664356999,0.0007308345062319,0.0008264848266395,0.06939118447634991,0.010412464691200024,0,0,0
280,608,282.0,0.0006902018154183,1.6890916514459855e-05,0.0903720193501433,0.0089377534508469,A,TYR,0.0007006039484349501,0.0006902018154183,0.0007110060814516,0.03209905970265,0.010483134865499994,0,0,0
281,609,283.0,0.0008207086020488,1.9692212472031204e-05,0.1905047305107238,0.0146255036782353,A,ILE,0.0008195972944535,0.0008207086020488,0.0008184859868582,0.06677495394380006,0.05440901776170004,0,0,0
282,610,284.0,0.0008700582414893,2.0719771438545107e-05,0.2284986514833682,0.0174501099046576,A,PRO,0.00086905946141235,0.0008700582414893,0.0008680606813354,0.08686036764359993,0.06747239793729992,0,0,0
283,611,285.0,0.000742175390634,1.8492907197408912e-05,0.1364570401130184,0.0118449071995604,A,PRO,0.0007839342124605,0.000742175390634,0.000825693034287,0.056574046286699944,-0.013573900678200005,0,-1,0
284,612,286.0,0.0006706478792143,1.4242397921303376e-05,0.0782567746906973,0.0072901472677432,A,LEU,0.0007119624306569,0.0006706478792143,0.0007532769820995,0.03395876739080005,-0.027031161894500035,0,-1,0
285,613,287.0,0.000686147200431,1.6346759875609896e-05,0.0953165803330621,0.0107957562041277,A,THR,0.00075102106492055,0.000686147200431,0.0008158949294101,0.02749938454545001,-0.0690065177845,0,-1,0
286,614,288.0,0.0005939297764602,1.4824576347554196e-05,0.0453144398304721,0.0086278703038146,A,THR,0.0006787061501260501,0.0005939297764602,0.0007634825237919,0.014724711753000101,-0.07867499019039999,0,-1,0
287,615,289.0,0.0006348941654168,2.113283314644376e-05,0.076587182670491,0.0118296182614025,A,ILE,0.00074675956434985,0.0006348941654168,0.0008586249632829,0.0690213954822,-0.050752694939999905,0,-1,0
288,616,290.0,0.0006692823766066,1.8999382552802203e-05,0.0892589580033391,0.0113503614564981,A,LYS,0.0007980817933766001,0.0006692823766066,0.0009268812101466,0.12474751707405006,0.018753085880599984,0,0,0
289,617,291.0,0.000767380450627,2.200532828812208e-05,0.1553362729568903,0.0165541822170972,A,GLN,0.0008460779620067501,0.000767380450627,0.0009247754733865,0.15431136498245004,0.13763186633250002,0,0,0
290,618,292.0,0.0008830797882586,2.9898183566748733e-05,0.2406781112205145,0.0235311232268403,A,ASP,0.00089010708407005,0.0008830797882586,0.0008971343798815,0.14923078098674997,0.21053998633550008,0,0,0
291,619,293.0,0.0009115892749074,2.8216339969634667e-05,0.264480500021405,0.0226335408977421,A,PHE,0.00084272540611465,0.0009115892749074,0.0007738615373219,0.10768757615700002,0.21767674371229995,0,0,0
292,620,294.0,0.0010187197949609,3.270774708412341e-05,0.3420095038314996,0.0243350500158863,A,ARG,0.00098290346162795,0.0010187197949609,0.000947087128295,0.18329920915335007,0.30646129985170006,0,0,0
293,621,295.0,0.0010438579510589,2.7128068027281472e-05,0.3675028896784965,0.0215323839537242,A,LEU,0.0010123178088655002,0.0010438579510589,0.0009807776666721,0.1694923767606002,0.3058344275442001,0,0,0
294,622,296.0,0.0009756612739377,1.9936178888058592e-05,0.3157669420779999,0.017648849308585,A,LEU,0.0008898476902826,0.0009756612739377,0.0008040341066275,0.08415557940304999,0.2318573441112999,0,0,0
295,623,297.0,0.0009908964895021,1.984615572174259e-05,0.3275611113489446,0.0172844414957115,A,GLY,0.00091551084924215,0.0009908964895021,0.0008401252089822,0.07215719887239999,0.1948936011510001,0,0,0
296,624,298.0,0.0011320702743149,2.3244062186782304e-05,0.4400017124020721,0.0189182620472241,A,GLN,0.0010927933179743499,0.0011320702743149,0.0010535163616338,0.15570941618084996,0.28551590109089997,0,0,0
297,625,299.0,0.0011596944032528,2.0960335252062232e-05,0.4624555845712574,0.0172105486497001,A,THR,0.0010945595775317001,0.0011596944032528,0.0010294247518106,0.12586247506155013,0.2677659314644001,0,0,0
298,626,300.0,0.0010892948325144,1.7474014171488414e-05,0.4080440087332505,0.0151487131054579,A,SER,0.00099848353016385,0.0010892948325144,0.0009076722278133,0.05566649599259997,0.17870721413240004,0,0,0
299,627,301.0,0.00116205535215,2.196248839540358e-05,0.4620916991309559,0.0182501468710153,A,VAL,0.0011022684631616,0.00116205535215,0.0010424815741732,0.09579436771949999,0.18624896556190004,0,0,0
300,628,302.0,0.0013030634537662,2.5934267971375967e-05,0.5575153045935184,0.0184638811876993,A,ASP,0.0012398443981162,0.0013030634537662,0.0011766253424662,0.14529473603659995,0.2663548104627001,0,0,0
301,629,303.0,0.0012598055236994,2.736138688560597e-05,0.5238666038785905,0.0187078883752214,A,ARG,0.00116474724832935,0.0012598055236994,0.0010696889729593,0.05733680688975017,0.18249129429120003,0,0,0
302,630,304.0,0.0012284680052474,2.7265365347447917e-05,0.4994006592747977,0.0196510235593579,A,LEU,0.001146549822269,0.0012284680052474,0.0010646316392906,0.0294012076897999,0.0948347564301,0,0,0
303,631,305.0,0.0013665348834828,3.0296786916675992e-05,0.5910569801789458,0.0181939086656232,A,LEU,0.0013170698709473,0.0013665348834828,0.0012676048584118,0.11096150763655012,0.15112027077089987,0,0,0
304,632,306.0,0.0014840405939943,3.5290827183876695e-05,0.6505201421293719,0.0184813601674157,A,GLN,0.0013841764662564,0.0014840405939943,0.0012843123385185,0.12438156814355002,0.2157515054980999,0,0,0
305,633,307.0,0.0014491416526844,3.629158143590356e-05,0.6284515604263883,0.0191278656034729,A,LEU,0.00133072656785515,0.0014491416526844,0.0012123114830259,0.08134895055230003,0.14150272398590005,0,0,0
306,634,308.0,0.0014729120162864,3.6638431062987263e-05,0.6394751487649302,0.0187315170770562,A,SER,0.00140417259730875,0.0014729120162864,0.0013354331783311,0.11212370303300008,0.1061096573664001,0,0,0
307,635,309.0,0.001641298220276,4.041466817783724e-05,0.7166830771865235,0.0164022786250901,A,GLN,0.0015575528781144499,0.001641298220276,0.0014738075359529,0.17363026878639995,0.20615052604280004,0,0,0
308,636,310.0,0.0017590889877612,4.275154133021552e-05,0.759514534012586,0.0143568395415832,A,GLY,0.00159663198719345,0.0017590889877612,0.0014341749866257,0.19271987319710018,0.2853160506906,0,0,0
309,637,311.0,0.0018047831817361,4.520331331032219e-05,0.7688685303309218,0.0148150394617127,A,GLN,0.001600605141122,0.0018047831817361,0.0013964271005079,0.15463464746005026,0.3056036520667001,0,0,0
310,638,312.0,0.0020070719960428,6.057821455144835e-05,0.8051286442056598,0.0117635820779283,A,ALA,0.0017061414009211,0.0020070719960428,0.0014052108057994,0.16375290576169987,0.3562314411425999,0,0,0
311,639,313.0,0.0019855579439585,6.913088951714924e-05,0.8043152532214564,0.0096067306960402,A,VAL,0.0016284216943166,0.0019855579439585,0.0012712854446747,0.14414041487514992,0.4489775509432001,0,0,0
312,640,314.0,0.0016729324095309,5.203814246504501e-05,0.7077571813861897,0.0167193375786416,A,LYS,0.0015266353221571002,0.0016729324095309,0.0013803382347833,0.15192648709605028,0.31598923203480006,0,0,0
313,641,315.0,0.0013750844580458,4.326323225163922e-05,0.5712145211695708,0.021367379883668,A,GLY,0.00129898546427205,0.0013750844580458,0.0012228864704983,0.04534465371219994,0.13831030926729992,0,0,0
314,642,316.0,0.0012422531203116,3.9647530408449335e-05,0.4794511751359218,0.0223001421304197,A,ASN,0.0011529943756708,0.0012422531203116,0.00106373563103,0.08582746769495017,0.17647796020599996,0,0,0
315,643,317.0,0.0011966000705321,3.2447516903022314e-05,0.4622843443640566,0.0195765269489474,A,GLN,0.0010896310669807501,0.0011966000705321,0.0009826620634294,0.08243013405935008,0.22616121705450004,0,0,0
316,644,318.0,0.0010804971089642,2.748642465765631e-05,0.3862750973928678,0.0198561107790125,A,LEU,0.00100171864731625,0.0010804971089642,0.0009229401856683,0.07893401238465007,0.20946812569769996,0,0,0
317,645,319.0,0.0010017875301475,2.227554921637913e-05,0.3300654993792543,0.0176961066931159,A,LEU,0.0009615410368252,0.0010017875301475,0.0009212945435029,0.09899648853324994,0.2047276139726,0,0,0
318,646,320.0,0.0009121466958199,1.865513306197184e-05,0.2554047690397705,0.0155253793105067,A,PRO,0.0009833804799275,0.0009121466958199,0.0010546142640351,0.1173353775257999,0.10780545435149999,0,0,0
319,647,321.0,0.0007844006656691,1.4394842191854324e-05,0.150284686844471,0.011185123377671,A,VAL,0.00090708899718735,0.0007844006656691,0.0010297773287056,0.12129921375054988,0.03175786692499998,0,0,0
320,648,322.0,0.0008164964061045,1.7388151209607725e-05,0.1781112205145768,0.0131332599284834,A,SER,0.0009538401355463499,0.0008164964061045,0.0010911838649882,0.1410238999396999,0.01778598989589993,0,0,0
321,649,323.0,0.0008079265885063,2.235118644038416e-05,0.1695278051286441,0.0169471638518801,A,LEU,0.0009128260960632,0.0008079265885063,0.0010177256036201,0.11998884035280005,-0.0025150438547999173,0,0,0
322,650,324.0,0.0008344144505469,1.9656348983771575e-05,0.1955135065713429,0.0157867747312657,A,VAL,0.0009197766910322501,0.0008344144505469,0.0010051389315176,0.13103164368845008,0.032938356499600065,0,0,0
323,651,325.0,0.0008934746277484,2.4953344993790832e-05,0.2534997217346633,0.0202470394244714,A,LYS,0.0009513901162395001,0.0008934746277484,0.0010093056047306,0.09915510374025008,0.007206904699900009,0,0,0
324,652,326.0,0.0008604197657956,2.4832946826955583e-05,0.2358405753670961,0.0180617708954745,A,ARG,0.00092766607134965,0.0008604197657956,0.0009949123769037,0.08246409878874994,-0.029060131127700083,0,-1,0
325,653,327.0,0.0009568235081824,2.559014414510844e-05,0.3024102059163491,0.0209926016702726,A,LYS,0.0009721481149681001,0.0009568235081824,0.0009874727217538,0.10790598041820013,0.05387266511790005,0,0,0
326,654,328.0,0.0009099753938474,2.0951413647713907e-05,0.2590650284686843,0.0181103477520479,A,THR,0.0009046129389625,0.0009099753938474,0.0008992504840776,0.09284796010250007,0.06625759157540001,0,0,0
327,0,2.0,0.0047600001181627,0.0001037301326222,0.9648529474720664,0.0020104908338785,B,LYS,0.0035115141994854,0.0022630282808081,0.0047600001181627,,,0,0,0
328,1,3.0,0.0038252004050326,7.759144638435375e-05,0.9436191617791856,0.0022361879395154,B,PRO,0.00280097334054355,0.0017767462760545,0.0038252004050326,-1.09180420726525,-2.314492769957,-1,-1,-1
329,2,4.0,0.0032557919149134,5.550620030779153e-05,0.9272657219915236,0.0024751202883235,B,VAL,0.002451730444393,0.0016476689738726,0.0032557919149134,-0.6927800398159002,-1.4991253503204998,-1,-1,-1
330,3,5.0,0.0035843756541117,5.891641997969466e-05,0.9385461706408668,0.0018212430244823,B,THR,0.00268630361608925,0.0017882315780668,0.0035843756541117,-0.2755410598272003,-0.7042811491987,-1,-1,-1
331,4,6.0,0.0035975604557312,5.951194066630789e-05,0.9392739415214688,0.001496782745677,B,LEU,0.0027184994483786997,0.0018394384410262,0.0035975604557312,-0.45478924363670037,-0.702486355264,-1,-1,-1
332,5,7.0,0.0046754593653445,6.998082570616316e-05,0.9651740228605672,0.0013214325480977,B,TYR,0.0034258058022516,0.0021761522391587,0.0046754593653445,0.05454133472274948,-0.4739601114675,0,-1,0
333,6,8.0,0.0042335512812012,6.848665892713128e-05,0.9553705209983302,0.0017651370275972,B,ASP,0.0031055515424951996,0.0019775518037892,0.0042335512812012,-1.0547912820740006,-1.5250029709049,-1,-1,-1
334,7,9.0,0.0036957039079235,6.320515486420324e-05,0.941029153645276,0.0017405815591093,B,VAL,0.00277170701940585,0.0018477101308882,0.0036957039079235,-1.0695143285924498,-1.4026081581343999,-1,-1,-1
335,8,10.0,0.0047644332423194,7.455872745974927e-05,0.9657519585598696,0.001093633146881,B,ALA,0.0034743774267292,0.002184321611139,0.0047644332423194,-0.03363614184494993,-0.6834397000746,-1,-1,-1
336,9,11.0,0.0053413388981178,9.849850176225316e-05,0.9763260413545104,0.0015760969441834,B,GLU,0.0038414088734814496,0.0023414788488451,0.0053413388981178,-0.5265416592625006,-1.3571338168487002,-1,-1,-1
337,10,12.0,0.0047741435041654,0.0001177478342373,0.9648743524979666,0.0022941241027673,B,TYR,0.0034903402191967,0.002206536934228,0.0047741435041654,-1.3610033849835,-2.0360091958522997,-1,-1,-1
338,11,13.0,0.0051407419329427,0.0001125059114051,0.9718095808895928,0.0016145852730809,B,ALA,0.003736459733864,0.0023321775347853,0.0051407419329427,-0.8060962717184993,-1.6742700181930996,-1,-1,-1
339,12,14.0,0.0061860768821204,0.0001280782292913,0.9874566548225524,0.0012420186076952,B,GLY,0.00440941732661375,0.0026327577711071,0.0061860768821204,-0.33193179552570057,-1.5310810437321998,-1,-1,-1
340,13,15.0,0.006123948540971,0.0001179526535954,0.9867930990196496,0.0006902344491743,B,VAL,0.00441536076290955,0.0027067729848481,0.006123948540971,-1.1391825709472503,-2.2297390662244,-1,-1,-1
341,14,16.0,0.0062659485153921,0.0001249734353036,0.9888051714542572,0.0008255318193258,B,SER,0.0045357855068636505,0.0028056224983352,0.0062659485153921,-1.021570569517299,-2.0792955945491998,-1,-1,-1
342,15,17.0,0.0054414416739799,0.000109008087212,0.9767755468984116,0.0009931299336615,B,TYR,0.00401195577133545,0.002582469868691,0.0054414416739799,-1.6641049893736504,-2.3980240477877,-1,-1,-1
343,16,18.0,0.0057055712373838,0.0001477026765189,0.9804358063273256,0.0015071457512126,B,GLN,0.0042463300409831,0.0027870888445824,0.0057055712373838,-0.8358711262892501,-1.5763666348097998,-1,-1,-1
344,17,19.0,0.0055789259840954,0.0001301487481753,0.9781668735819176,0.0012111483879345,B,THR,0.0041407299837672,0.002702533983439,0.0055789259840954,-1.5025130165211504,-2.1591731294981,-1,-1,-1
345,18,20.0,0.0044399925972642,8.64926259092367e-05,0.9572969733293378,0.0016776445697833,B,VAL,0.0033755417528062498,0.0023110909083483,0.0044399925972642,-2.0779794358813497,-2.415807839843,-1,-1,-1
346,19,21.0,0.0041628201455109,0.0001082062524376,0.9508540605334131,0.0022722218889354,B,SER,0.0032593338640270995,0.0023558475825433,0.0041628201455109,-1.1603126758455005,-1.3796750631146002,-1,-1,-1
347,20,22.0,0.0046092006015652,0.0001214970611517,0.958945160323644,0.0022912749425214,B,ARG,0.00360399964303885,0.0025987986845125,0.0046092006015652,-0.9433930665285998,-1.1884566981231002,-1,-1,-1
348,21,23.0,0.0041110574812661,9.375413084112617e-05,0.9459951196540952,0.0033758922195054,B,VAL,0.0032667561773496003,0.0024224548734331,0.0041110574812661,-2.0300007627541494,-2.1755171830814004,-1,-1,-1
349,22,24.0,0.0031092195843543,8.081449886887426e-05,0.9102273213750588,0.0070427210144255,B,VAL,0.00263349983975455,0.0021577800951548,0.0031092195843543,-2.2786470947359003,-2.3687285882427003,-1,-1,-1
350,23,25.0,0.0035025135152261,0.0001061874472321,0.9259386103857185,0.0048627973724372,B,ASN,0.0029692462029757,0.0024359788907253,0.0035025135152261,-1.1469805897477499,-1.2712035799938999,-1,-1,-1
351,24,26.0,0.0041062545045687,0.0001177769530867,0.9445823879446894,0.0037411622144274,B,GLN,0.0033986317854052,0.0026910090662417,0.0041062545045687,-0.9881612414888996,-0.8589916200328002,-1,-1,-1
352,25,27.0,0.0051934174380351,0.0001709050536417,0.9666081595958728,0.0024355012192869,B,ALA,0.0040679892422764,0.0029425610465177,0.0051934174380351,-1.1725720922000005,-1.4081879966817,-1,-1,-1
353,26,28.0,0.0060140512542092,0.0001691502042647,0.9803287811978252,0.0019406159198077,B,SER,0.0046639442585218495,0.0033138372628345,0.0060140512542092,-1.2238355948036503,-1.7190939649898005,-1,-1,-1
354,27,29.0,0.0068813199722246,0.0001805197745635,0.9910955092255664,0.0014500587624922,B,HIS,0.0051493516602382,0.0034173833482518,0.0068813199722246,-1.2075220006897502,-2.0787891815411,-1,-1,-1
355,28,30.0,0.006471868038693,0.0001615158544206,0.9879917804700542,0.0013393898238599,B,VAL,0.00477776571767645,0.0030836633966599,0.006471868038693,-1.8058330658405992,-2.8083272120616996,-1,-1,-1
356,29,31.0,0.0072968636933855,0.000180670353113,0.9970889164775892,0.0005979959419205,B,SER,0.00524955512064395,0.0032022465479024,0.0072968636933855,-1.3848125213653502,-3.0076258551271007,-1,-1,-1
357,30,32.0,0.0071351009291211,0.000175358273484,0.995547754612784,0.00042279280475,B,ALA,0.0051792019929341,0.0032233030567471,0.0071351009291211,-1.5587485330319002,-2.8592975104029,-1,-1,-1
358,31,33.0,0.0072299989240752,0.0001851428124456,0.996810651140888,0.0005437887745644,B,LYS,0.0052025948680999995,0.0031751908121248,0.0072299989240752,-1.297787070494551,-2.7559054894818997,-1,-1,-1
359,32,34.0,0.0064594680263288,0.0001545750704777,0.9897898026456612,0.0007381209907209,B,THR,0.0046469546480434,0.002834441269758,0.0064594680263288,-1.7273057379823498,-2.9799181460178,-1,-1,-1
360,33,35.0,0.0055632374502553,0.0001297176584175,0.9764544715099102,0.0011188561977513,B,ARG,0.00407669708347935,0.0025901567167034,0.0055632374502553,-1.7468215767121502,-2.5866179931507003,-1,-1,-1
361,34,36.0,0.0057146052823968,0.0001448590406424,0.9790444796438202,0.0011684478009982,B,GLU,0.0042134417922605,0.0027122783021242,0.0057146052823968,-0.9196202505243993,-1.7937020484432002,-1,-1,-1
362,35,37.0,0.0054801537328295,0.0001379966841047,0.9750631448264055,0.0014382429949637,B,LYS,0.0040146190653772,0.0025490843979249,0.0054801537328295,-1.1664015419127005,-2.0998599954423,-1,-1,-1
363,36,38.0,0.0044350534470254,9.570684073423148e-05,0.9565477974228348,0.0017448369400998,B,VAL,0.00330389360562995,0.0021727337642345,0.0044350534470254,-1.6378501438305006,-2.2239427595316004,-1,-1,-1
364,37,39.0,0.0040036776964666,0.0001022652760769,0.9440686673230873,0.0023179182230627,B,GLU,0.00306565256252855,0.0021276274285905,0.0040036776964666,-1.0671797410581503,-1.4011906296247,-1,-1,-1
365,38,40.0,0.0044220468891178,0.0001273308126308,0.9553277109465296,0.00230542591304,B,ALA,0.0033608304625221998,0.0022996140359266,0.0044220468891178,-0.46137720959414996,-1.0106556277864003,-1,-1,-1
366,39,41.0,0.003813145687936,0.0001054544467847,0.940279977738773,0.0024968234280838,B,ALA,0.00291616213932155,0.0020191785907071,0.003813145687936,-1.1883199465455,-1.6447270796519,-1,-1,-1
367,40,42.0,0.0027649499046658,8.268976557290677e-05,0.9019221713258272,0.0038804273373297,B,MET,0.0022466228839144496,0.0017282958631631,0.0027649499046658,-1.4198726003201503,-1.4561455310962004,-1,-1,-1
368,41,43.0,0.0031852976342175,0.0001105431847936,0.9140588210111732,0.0045831397442671,B,ALA,0.0025688151058232,0.0019523325774289,0.0031852976342175,-0.3121812550866999,-0.39857558662429987,-1,-1,-1
369,42,44.0,0.0034281125490338,0.00012822287826,0.9261954706965196,0.0040991602623418,B,GLU,0.00275053355793255,0.0020729545668313,0.0034281125490338,-0.49260149510815027,-0.8315022413728003,-1,-1,-1
370,43,45.0,0.0027147180357046,0.0001038195294769,0.8941735519499978,0.0049899846240669,B,LEU,0.00225279237726645,0.0017908667188283,0.0027147180357046,-1.350067012347,-1.5228349191997,-1,-1,-1
371,44,46.0,0.0023106295947692,8.503783669987847e-05,0.8372789931075817,0.0112676151605688,B,ASN,0.00198741360604995,0.0016641976173307,0.0023106295947692,-1.0875625778195996,-1.0664954720850999,-1,-1,-1
372,45,47.0,0.0017599124188661,5.4775026780266464e-05,0.7418553876450188,0.0129429490395381,B,TYR,0.0015806634820456499,0.0014014145452252,0.0017599124188661,-1.05635881188075,-0.8183532506485,-1,-1,-1
373,46,48.0,0.0014465581411282,5.219873116977608e-05,0.6077529003810097,0.0221470579645666,B,ILE,0.00135955597233175,0.0012725538035353,0.0014465581411282,-0.7720272639752503,-0.26944142578559993,-1,-1,-1
374,47,49.0,0.0014269082814897,4.945652504311211e-05,0.5948456697632606,0.0256137304271645,B,PRO,0.0013469289008864,0.0012669495202831,0.0014269082814897,-0.4250055881288,0.025673072392300197,-1,0,-1
375,48,50.0,0.0012129631439794,3.20781471441634e-05,0.4968534611926881,0.0245427174443762,B,ASN,0.00120627154161845,0.0011995799392575,0.0012129631439794,-0.2768403133122999,0.013423815137600034,-1,0,-1
376,49,51.0,0.001413984220831,0.0001008210869835,0.5096964767327369,0.0270775990072018,B,ARG,0.0013204746631471,0.0012269651054632,0.001413984220831,-0.20209304151029994,-0.14424198575799999,-1,-1,-1
377,50,52.0,0.0013382869543611,7.845995562777457e-05,0.4886553362729567,0.0245671034273455,B,VAL,0.0013046231642137,0.0012709593740663,0.0013382869543611,-0.26956315502660005,-0.14619058253419995,-1,-1,-1
378,51,53.0,0.0014800684477654,8.728682943250406e-05,0.5453144398304723,0.0302377895362441,B,ALA,0.00140901683140445,0.0013379652150435,0.0014800684477654,-0.31105873287919994,-0.21465281327800015,-1,-1,-1
379,52,54.0,0.0016006990864553,7.474969404222132e-05,0.6393467186095295,0.0278341815052098,B,GLN,0.00148784557301415,0.001374992059573,0.0016006990864553,-0.2993582879115,-0.18649273001460012,-1,-1,-1
380,53,55.0,0.0015465611845892,5.951082675462745e-05,0.6356436491288152,0.0262641178028996,B,GLN,0.0014802583450934,0.0014139555055976,0.0015465611845892,-0.11062077259300007,-0.05746217501710008,-1,-1,-1
381,54,56.0,0.0015259089299455,5.906988861874454e-05,0.618904918874952,0.0280429649912538,B,LEU,0.0015296571721577,0.0015334054143699,0.0015259089299455,-0.05047994606139999,-0.00023729269729992793,-1,0,-1
382,55,57.0,0.0017443983706752,6.620341580235446e-05,0.696947643306648,0.0254296572425049,B,ALA,0.0016440213583848499,0.0015436443460945,0.0017443983706752,-0.13898103115530017,-0.18831807854460011,-1,-1,-1
383,56,58.0,0.0020591268032243,8.460489004767311e-05,0.7650798407466071,0.0234998478284002,B,GLY,0.001839090190479,0.0016190535777337,0.0020591268032243,-0.05269596496955019,-0.14063734657910015,-1,-1,-1
384,57,59.0,0.0020021827726373,6.878442066165193e-05,0.7793141829701613,0.0187228743714922,B,LYS,0.00185314071560825,0.0017040986585792,0.0020021827726373,0.04737458835020014,0.049269346505800185,0,0,0
385,58,60.0,0.0018939837020935,7.821353791803808e-05,0.7442955605976285,0.0200658934330541,B,GLN,0.0017950010177344,0.0016960183333753,0.0018939837020935,0.14988306685424996,0.15931898637789982,0,0,0
386,59,61.0,0.0016592197227975,5.664002822568304e-05,0.6986386403527548,0.018460879432011,B,SER,0.0016111682467951,0.0015631167707927,0.0016592197227975,0.001888673908400024,-0.07824687636759993,0,-1,0
387,60,62.0,0.0013816390592844,3.675992733515735e-05,0.5981206387259727,0.0177718243245678,B,LEU,0.0013530831254393,0.0013245271915942,0.0013816390592844,-0.12052233037970002,-0.14070078113549994,-1,-1,-1
388,61,63.0,0.0012278240299071,3.4669669333822034e-05,0.4980521426430926,0.0193909336870834,B,LEU,0.00118080715799405,0.001133790286081,0.0012278240299071,-0.08028393032325008,-0.19464340716080006,-1,-1,-1
389,62,64.0,0.0010567862830986,2.9365541229546607e-05,0.3711845541333105,0.019259956023373,B,ILE,0.00104783371933195,0.0010388811555653,0.0010567862830986,-0.11123018840665001,-0.21297863354440005,-1,-1,-1
390,63,65.0,0.000951807891009,3.130796245445036e-05,0.2795282332291622,0.0212910135648736,B,GLY,0.0009615340039506,0.0009712601168922,0.000951807891009,-0.08947846827169989,-0.16655368440050008,-1,-1,-1
391,64,66.0,0.0008354127005639,2.597217580955684e-05,0.191874652168329,0.0188462206878513,B,VAL,0.00088280721650985,0.0009302017324558,0.0008354127005639,-0.1273377766008001,-0.19057044849800006,-1,-1,-1
392,65,67.0,0.0007994175197185,2.801650860600469e-05,0.1671732522796351,0.0194196191872645,B,ALA,0.00088095302499695,0.0009624885302754,0.0007994175197185,-0.03942783091689993,-0.03353386637989998,-1,-1,-1
393,66,68.0,0.0007762256084313,2.572050486386834e-05,0.16055909927651,0.0186284450872684,B,THR,0.000884946759504,0.0009936679105767,0.0007762256084313,-0.043464816338850035,-0.03264560773340004,-1,-1,-1
394,67,69.0,0.0008259517946912,3.660994102350574e-05,0.2035189862579733,0.0246211809701847,B,SER,0.00096768995479035,0.0011094281148895,0.0008259517946912,0.10518819650935,0.18494395157340007,0,0,0
395,68,70.0,0.0006892996215815,2.187980212736241e-05,0.1082666210026113,0.0143298505673192,B,SER,0.0008727727872805501,0.0010562459529796,0.0006892996215815,-0.05368820558485001,0.05090838580450001,-1,0,-1
396,69,71.0,0.0007063018923779,2.3768717755862103e-05,0.11580119011944,0.0157067532233479,B,LEU,0.0009486397347367,0.0011909775770955,0.0007063018923779,0.08754227148444996,0.290194699654,0,0,0
397,70,72.0,0.0008189310318999,3.1207132467222726e-05,0.2057665139774818,0.0226573973629137,B,ALA,0.0010834717180003,0.0013480124041007,0.0008189310318999,0.3276037841368001,0.5083160669488,0,0,0
398,71,73.0,0.0007847833530185,2.676775423961456e-05,0.1762061732094695,0.0192543916516756,B,LEU,0.0009786467789507,0.0011725102048829,0.0007847833530185,0.26945446160200004,0.39508878667760006,0,0,0
399,72,74.0,0.0007373873501928,1.8270952231651453e-05,0.1268247784579819,0.0110971206642154,B,HIS,0.0009340547370778501,0.0011307221239629,0.0007373873501928,0.28772553491825004,0.4337880617413001,0,0,0
400,73,75.0,0.0006760033426277,1.4688945200958e-05,0.080033391840404,0.0068089883892203,B,ALA,0.0008606933464167499,0.0010453833502058,0.0006760033426277,0.2316735996339,0.3695423235801999,0,0,0
401,74,76.0,0.0006308708111586,1.4319321164080796e-05,0.0569159638683162,0.0063810409637172,B,PRO,0.0008203656759049,0.0010098605406512,0.0006308708111586,0.16877943392599992,0.356389359056,0,0,0
402,75,77.0,0.0006724031525769,1.4930965446106564e-05,0.0806755426174065,0.0075878748742085,B,SER,0.00082104372591555,0.0009696842992542,0.0006724031525769,0.09432040770225006,0.24654160817470003,0,0,0
403,76,78.0,0.0007236276570758,1.261237286808108e-05,0.1064900038529046,0.0071529782543291,B,GLN,0.0008234797892691,0.0009233319214624,0.0007236276570758,0.1143283483903499,0.20374273416799996,0,0,0
404,77,79.0,0.000693999434058,1.049309782686234e-05,0.0810394280577078,0.0049281855631832,B,ILE,0.00081191931453355,0.0009298391950091,0.000693999434058,0.14811278810789996,0.29632603268440005,0,0,0
405,78,80.0,0.0007373968967476,1.2101819615658944e-05,0.109229847168115,0.007008231873546,B,VAL,0.0008361839482068,0.000934970999666,0.0007373968967476,0.11831435420015,0.25854404459279995,0,0,0
406,79,81.0,0.0008687482278847,1.3425267219765596e-05,0.2158482811764202,0.0105576126101295,B,ALA,0.0009118590748602,0.0009549699218357,0.0008687482278847,0.14861753157524993,0.21313480911100002,0,0,0
407,80,82.0,0.0009146715422546,1.4200284301793588e-05,0.2552121238066698,0.0112648927336937,B,ALA,0.0009583681116785,0.0010020646811024,0.0009146715422546,0.22763810552844996,0.31647487208899994,0,0,0
408,81,83.0,0.0009011247881228,1.5477220190557158e-05,0.2425403484738216,0.0122801981289431,B,ILE,0.00095752005386605,0.0010139153196093,0.0009011247881228,0.18331833732339992,0.30011939957129996,0,0,0
409,82,84.0,0.0010021054024169,1.836480899097665e-05,0.335266920672974,0.014114023971286,B,LYS,0.0010138622671942502,0.0010256191319716,0.0010021054024169,0.1650694288820502,0.20686987204270002,0,0,0
410,83,85.0,0.0011231406071977,2.081495694090057e-05,0.4362558328695576,0.0144873555328876,B,SER,0.0011192724074497499,0.0011154042077018,0.0011231406071977,0.25283062434699977,0.2706354806757999,0,0,0
411,84,86.0,0.0011531996208317,2.1620714141258136e-05,0.4601010317222484,0.014272276745075,B,ARG,0.00117700328646095,0.0012008069520902,0.0011531996208317,0.28554348108254995,0.3431983747246001,0,0,0
412,85,87.0,0.0011706240400139,2.370321891134514e-05,0.4699259386103855,0.0147375825084378,B,ALA,0.0011764963829352499,0.0011823687258566,0.0011706240400139,0.21338186371104984,0.24980228671509994,0,0,0
413,86,88.0,0.0013025688927177,2.7654708788296725e-05,0.5623956504987373,0.0148638663764162,B,ASP,0.0012778076901734,0.0012530464876291,0.0013025688927177,0.26648175260559986,0.24572413468379983,0,0,0
414,87,89.0,0.0014215076234737,3.2002776007665905e-05,0.6314482640523995,0.0148505410239944,B,GLN,0.0014009136303504,0.0013803196372271,0.0014215076234737,0.3590456626309502,0.3431806264979,0,0,0
415,88,90.0,0.0014294381292814,3.3887474743195455e-05,0.6333747163834069,0.0155097038133568,B,LEU,0.0014295433112920999,0.0014296484933028,0.0014294381292814,0.3230078031746498,0.3257844045405,0,0,0
416,89,91.0,0.0015074104413712,3.631945519846348e-05,0.6731452545057578,0.0148088140043491,B,GLY,0.0014796375057007502,0.0014518645700303,0.0015074104413712,0.3056423280883502,0.25919076636290006,0,0,0
417,90,92.0,0.0013357542271992,3.20304504627502e-05,0.5782995847424977,0.0161623076185793,B,ALA,0.00130980174337955,0.0012838492595599,0.0013357542271992,0.09378440906760008,0.04489781603449986,0,0,0
418,91,93.0,0.0012713499748072,3.125627067405481e-05,0.5343336615437304,0.0166786005901241,B,SER,0.00120499819664385,0.0011386464184805,0.0012713499748072,0.04999269468545001,-0.047806583811000045,0,-1,0
419,92,94.0,0.0010714246664815,2.7493447516686407e-05,0.387666424076373,0.018668308565012,B,VAL,0.00104807334191975,0.001024722017358,0.0010714246664815,-0.045799403849350245,-0.11273929685240003,-1,-1,-1
420,93,95.0,0.0009998068083813,3.3244925009347306e-05,0.3217603493300227,0.0228421578243237,B,VAL,0.0009927752523246,0.0009857436962679,0.0009998068083813,0.0005955677760500697,-0.05711568180830008,0,-1,0
421,94,96.0,0.0009132883198996,3.052207872323235e-05,0.2559398946872724,0.0214734322465069,B,VAL,0.0009187872425209501,0.0009242861651423,0.0009132883198996,-0.0776102240422499,-0.16081535293610008,-1,-1,-1
422,95,97.0,0.0008921411761367,3.496124646549891e-05,0.2394152146924098,0.0243035466060083,B,SER,0.00092604211932835,0.00095994306252,0.0008921411761367,0.007646184462600076,-0.051470391989999996,0,-1,0
423,96,98.0,0.0009153212286433,4.053338163029808e-05,0.267156128258915,0.0283324612180291,B,MET,0.0009801883710872,0.0010450555135311,0.0009153212286433,0.02148525940664993,-0.030641348658800055,0,-1,0
424,97,99.0,0.0008677269578811,4.458021599362931e-05,0.2390727342780084,0.0293911821932303,B,VAL,0.00100244147430165,0.0011371559907222,0.0008677269578811,0.05494425698550007,0.06876368563699999,0,0,0
425,98,100.0,0.0010249313765886,5.385912292919002e-05,0.3332120381865662,0.03515504824114,B,GLU,0.0011721861454112,0.0013194409142338,0.0010249313765886,0.16947221278479993,0.2091598522360001,0,0,0
426,99,101.0,0.0011340459698299,4.61798389793021e-05,0.4159424632903806,0.0287000116650761,B,ARG,0.0015056517982701498,0.0018772576267104,0.0011340459698299,0.4317168446629498,0.6986985071713,0,0,0
427,100,102.0,0.0011328455169272,3.883959020241956e-05,0.4341367353054498,0.0257626065572806,B,SER,0.0015450777299768998,0.0019573099430266,0.0011328455169272,0.3432120088834999,0.6585217842364001,0,0,0
428,101,103.0,0.0010997430412634,4.435517107025656e-05,0.4000813390984205,0.0261842489569999,B,GLY,0.0014095058439798501,0.0017192686466963,0.0010997430412634,0.1649353310547001,0.3601148550889,0,0,0
429,102,104.0,0.00101189734453,4.438343787732769e-05,0.3268761505201421,0.0266466747631302,B,VAL,0.0012993093577551,0.0015867213709802,0.00101189734453,0.06813817399815002,0.22166552098679992,0,0,0
430,103,105.0,0.0010939433252084,5.096485307978109e-05,0.376064900038529,0.0277307107986369,B,GLU,0.0013046244196584498,0.0015153055141085,0.0010939433252084,0.06475677820664974,0.13185004021869987,0,0,0
431,104,106.0,0.0010280676596189,4.844659379172614e-05,0.3289524380324499,0.0280699361686464,B,ALA,0.00122033568412585,0.0014126037086328,0.0010280676596189,-0.07330040881105,-0.05485416799000018,-1,-1,-1
432,105,107.0,0.0008716041334678,4.14974641011508e-05,0.2166830771865234,0.0260696283703392,B,CYS,0.0010842912113909501,0.0012969782893141,0.0008716041334678,-0.1061571416818498,-0.04979665349169994,-1,-1,-1
433,106,108.0,0.0009277177057653,4.355337365740881e-05,0.2544629479001669,0.0272734084345807,B,LYS,0.00113122167669,0.0013347256476147,0.0009277177057653,0.02024034799944993,0.08018284695829997,0,0,0
434,107,109.0,0.0010384092509436,4.858242488190948e-05,0.331114345648358,0.0282533405906956,B,THR,0.0011766475004248498,0.0013148857499061,0.0010384092509436,-0.048072076903800304,-0.07020904484460015,-1,-1,-1
435,108,110.0,0.0009436468313583,4.333474508631686e-05,0.2647373603322058,0.0271404311837568,B,ALA,0.00106027603277925,0.0011769052342002,0.0009436468313583,-0.17921298058750007,-0.22917764735970003,-1,-1,-1
436,109,111.0,0.0009079267620715,3.677167707610417e-05,0.2392225694593089,0.0244064843046925,B,VAL,0.0010302998730682,0.0011526729840649,0.0009079267620715,-0.08868839653504998,-0.11177031754159997,-1,-1,-1
437,110,112.0,0.0010596990324887,4.28389626720855e-05,0.3530330921700415,0.0260186266414446,B,HIS,0.0011368333513486,0.0012139676702085,0.0010596990324887,-0.017348177400500035,-0.09052269405299997,-1,-1,-1
438,111,113.0,0.0010983841095139,4.69727415084344e-05,0.3793826790530417,0.0279035946720199,B,ASN,0.00111555833793565,0.0011327325663574,0.0010983841095139,-0.16039250221509987,-0.3199925446871999,-1,-1,-1
439,112,114.0,0.001004562820855,3.994009640638843e-05,0.3125561881929877,0.025423102456547,B,LEU,0.00100316685388115,0.0010017708869073,0.001004562820855,-0.21831354682799992,-0.3781332452787,-1,-1,-1
440,113,115.0,0.0011077928909949,4.050209433523517e-05,0.3925467699815916,0.0240638730017598,B,LEU,0.0010783508236257,0.0010489087562565,0.0011077928909949,-0.0744571138587499,-0.24668671817409993,-1,-1,-1
441,114,116.0,0.0012185307208682,4.659252264659367e-05,0.4662442741555717,0.0253093870359708,B,ALA,0.0011501038461903,0.0010816769715124,0.0012185307208682,-0.12319599403789973,-0.361201609191,-1,-1,-1
442,115,117.0,0.0011531378196774,4.344125413766309e-05,0.4224709961899052,0.0260495632433655,B,GLN,0.0010707098196016001,0.0009882818195258,0.0011531378196774,-0.28245464241874985,-0.5446373150646,-1,-1,-1
443,116,118.0,0.0012313274256368,5.024790003206904e-05,0.471295860267991,0.0244420262190966,B,ARG,0.0011053201469188,0.0009793128682008,0.0012313274256368,-0.16874798021810017,-0.45325865724449993,-1,-1,-1
444,117,119.0,0.001135153498717,3.832075698267401e-05,0.4231345519928079,0.0222260560988382,B,VAL,0.001068506943869,0.001001860389021,0.001135153498717,-0.2152573431439002,-0.45710614486120016,-1,-1,-1
445,118,120.0,0.0011983113488687,3.8464040208459686e-05,0.4709533798535896,0.021758806628759,B,SER,0.0011864768306103,0.0011746423123519,0.0011983113488687,0.01297088782155017,-0.1487513429843999,0,-1,0
446,119,121.0,0.0010711257317977,3.3417832308363366e-05,0.3744809281219229,0.0201792840209747,B,GLY,0.0011231677448042,0.0011752097578107,0.0010711257317977,-0.08792398643774979,-0.16754976233530006,-1,-1,-1
447,120,122.0,0.0009163844204053,2.951046651666132e-05,0.2480842501819427,0.0199708232879223,B,LEU,0.0010065985489013,0.0010968126773973,0.0009163844204053,-0.14073970928254997,-0.1508852596599998,-1,-1,-1
448,121,123.0,0.0008032760841757,2.166757182931535e-05,0.1646902692752258,0.0163651655220558,B,ILE,0.0009004892048228999,0.0009977023254701,0.0008032760841757,-0.1649507661238001,-0.15849076047360017,-1,-1,-1
449,122,124.0,0.000738123344436,2.249714532591927e-05,0.1214949270088616,0.0159671019902704,B,ILE,0.0008690337502391,0.0009999441560422,0.000738123344436,-0.08288902152549997,-0.016095592553599977,-1,-1,-1
450,123,125.0,0.0007377444054604,1.7967691590985627e-05,0.1251551864377755,0.0116655129999731,B,ASN,0.00088417963616095,0.0010306148668615,0.0007377444054604,-0.04974077111244998,0.015395772339599906,-1,0,-1
451,124,126.0,0.0007660470596127,2.4350085798136894e-05,0.1567061946144954,0.0167988422330947,B,TYR,0.0009661068345104501,0.0011661666094082,0.0007660470596127,0.1398457709316501,0.27833099640420006,0,0,0
452,125,127.0,0.0009013411927209,3.911833739053196e-05,0.261869086861595,0.0288175057036924,B,PRO,0.00115900265879105,0.0014166641248612,0.0009013411927209,0.26365466904765006,0.4686827896235999,0,0,0
453,126,128.0,0.0010478444708916,4.917302470936576e-05,0.3438075260071064,0.0332300120311797,B,LEU,0.00130605426245945,0.0015642640540273,0.0010478444708916,0.3962915281994,0.5989820073440001,0,0,0
454,127,129.0,0.0013565659197732,7.352159226009659e-05,0.480521426430926,0.0359984479294329,B,ASP,0.00156673443026555,0.0017769029407579,0.0013565659197732,0.5305596757091998,0.6629487744580002,0,0,0
455,128,130.0,0.0015367870358728,9.02384870158425e-05,0.5466843614880774,0.0358641439367564,B,ASP,0.0016662203302479,0.001795653624623,0.0015367870358728,0.5172583671894498,0.5537496388951999,0,0,0
456,129,131.0,0.001502500250392,8.959007170659283e-05,0.5354253178646344,0.0369802028518524,B,GLN,0.00168406471559235,0.0018656291807927,0.001502500250392,0.4419338648147999,0.5500554801473,0,0,0
457,130,132.0,0.0013769194798287,8.474872004825688e-05,0.4760263709919088,0.0381341427577187,B,ASP,0.0015821731126121502,0.0017874267453956,0.0013769194798287,0.26194443534930006,0.38330888029860005,0,0,0
458,131,133.0,0.0012242547766061,7.082257721466851e-05,0.4112975726700628,0.0376943075650459,B,ALA,0.0013862015089406,0.0015481482412751,0.0012242547766061,0.15830745405930002,0.2194284877889,0,0,0
459,132,134.0,0.0013484678028339,8.002466309672457e-05,0.462905090115159,0.0377625876810516,B,ILE,0.0015068987772805,0.0016653297517271,0.0013484678028339,0.3473866714622999,0.4253335789273999,0,0,0
460,133,135.0,0.0014076720118698,9.049103932762624e-05,0.4722804914593945,0.038897709905946,B,ALA,0.00158805539881995,0.0017684387857701,0.0014076720118698,0.3097078158295001,0.41421859247700005,0,0,0
461,134,136.0,0.0012478338638943,7.956616254299197e-05,0.4043195342266366,0.0401267095100352,B,VAL,0.0014041576295918,0.0015604813952893,0.0012478338638943,0.09084192485460016,0.13343365459650014,0,0,0
462,135,137.0,0.0012975987156679,7.617392087243852e-05,0.4349073162378524,0.0372818110930389,B,GLU,0.0014096412597285,0.0015216838037891,0.0012975987156679,0.2071403900704501,0.20517196888280004,0,0,0
463,136,138.0,0.0014122272524402,8.954665340992797e-05,0.4686416370563808,0.0383090687774986,B,ALA,0.0015543673834996002,0.001696507514559,0.0014122272524402,0.29882598199910004,0.34393207088910005,0,0,0
464,137,139.0,0.0014249347181371,9.120278550642928e-05,0.4747848794897041,0.0388245970805424,B,ALA,0.00153927009734735,0.0016536054765576,0.0014249347181371,0.15501042255429984,0.15548414813700007,0,0,0
465,138,140.0,0.0013936483365186,7.173880633096593e-05,0.5136564065242518,0.031759605950237,B,CYS,0.0014283565952693,0.00146306485402,0.0013936483365186,0.07037564485185,-0.02150956400720017,0,-1,0
466,139,141.0,0.0016821145024614,8.836352677932297e-05,0.6400744894901321,0.0274222879378778,B,THR,0.0017101118491297,0.001738109195798,0.0016821145024614,0.3964446688328499,0.31775918112249996,0,0,0
467,140,142.0,0.0016059893435894,9.945784538779227e-05,0.5826662100261141,0.0338220536831495,B,ASN,0.0017502447511866,0.0018945001587838,0.0016059893435894,0.37739774337430027,0.4170220371812001,0,0,0
468,141,143.0,0.0012143287470936,5.441694809553947e-05,0.4485851277880046,0.0270785878901134,B,VAL,0.0012770108753933,0.001339693003693,0.0012143287470936,-0.15990600429800014,-0.1940017513826001,-1,-1,-1
469,142,144.0,0.0011005644525445,3.618850511245971e-05,0.3920758594117898,0.0215397678197105,B,PRO,0.00120943090861,0.0013182973646755,0.0011005644525445,-0.12692371648685002,-0.12409410392939997,-1,-1,-1
470,143,145.0,0.0009379344047002,2.5571207820830555e-05,0.2738559013656405,0.0187249766971651,B,ALA,0.00106181201391785,0.0011856896231355,0.0009379344047002,-0.1885232255821,-0.16225079662799996,-1,-1,-1
471,144,146.0,0.0008485521995793,1.994180942680894e-05,0.2025985701442698,0.015077149523814,B,LEU,0.00098178049496215,0.001115008790345,0.0008485521995793,-0.15428381944099992,-0.10784433253820006,-1,-1,-1
472,145,147.0,0.0007688719032128,1.9042189025985265e-05,0.1430711931161436,0.0134907605566507,B,PHE,0.00091269685793555,0.0010565218126583,0.0007688719032128,-0.12829600188309997,-0.0313368291718001,-1,-1,-1
473,146,148.0,0.0007370325770844,1.5090364010973016e-05,0.115544329808639,0.0100941468562276,B,LEU,0.00087961926024745,0.0010222059434105,0.0007370325770844,-0.09042146381829999,0.011843516547300039,-1,0,-1
474,147,149.0,0.0008215859936716,1.7062512404060212e-05,0.18160023973629,0.0142598706330165,B,ASP,0.00099380332106405,0.0011660206484565,0.0008215859936716,0.12816199297660014,0.29701926262279993,0,0,0
475,148,150.0,0.0009401002657885,2.834430990391412e-05,0.2730211053555374,0.0212667449374148,B,VAL,0.00109023650845175,0.001240372751115,0.0009401002657885,0.19818824865884999,0.38260297174610003,0,0,0
476,149,151.0,0.0010762817532757,2.634100312011976e-05,0.3919046192045891,0.0194398521341768,B,SER,0.00131670669611165,0.0015571316389476,0.0010762817532757,0.33116979810825015,0.5144095249262,0,0,0
477,150,152.0,0.0011446829041395,3.8932194970497496e-05,0.4294704396592319,0.0248458391112813,B,ASP,0.00146946546245795,0.0017942480207764,0.0011446829041395,0.28759656780014997,0.6678880222502999,0,0,0
478,151,153.0,0.0013301925547199,3.735575608434391e-05,0.5652853289952481,0.0203643043310436,B,GLN,0.00154735122549745,0.001764509896275,0.0013301925547199,0.21997304082789992,0.5500082174556,0,0,0
479,152,154.0,0.0012314859992262,3.0472741893912924e-05,0.5053940665268205,0.0200684424714201,B,THR,0.0014032769035784,0.0015750678079306,0.0012314859992262,0.09583508055215008,0.24688318629949996,0,0,0
480,153,155.0,0.0012459589747259,3.0276668642022744e-05,0.5180016267819683,0.0183148825948172,B,PRO,0.0014459957443366499,0.0016460325139474,0.0012459589747259,0.15758095371914993,0.29011930717780005,0,0,0
481,154,156.0,0.0011679320693116,3.5286217237526417e-05,0.4517102615694165,0.0224592112765434,B,ILE,0.0012793791373179,0.0013908262053242,0.0011679320693116,-0.028070246767349875,0.10358040868260017,-1,0,-1
482,155,157.0,0.0010909811891615,4.039744685495039e-05,0.378740528276039,0.0237418059303144,B,ASN,0.0012014708661206,0.0013119605430797,0.0010909811891615,-0.01727297341210009,0.06265096746429989,-1,0,-1
483,156,158.0,0.0008837254599215,2.3590251930811414e-05,0.2222697889464446,0.0178977312968812,B,SER,0.0010308584655661,0.0011779914712107,0.0008837254599215,-0.11107083488334996,0.025522904357800063,-1,0,-1
484,157,159.0,0.00081796057195,1.8458571146401436e-05,0.172396078599255,0.014953292140728,B,ILE,0.00098396143567015,0.0011499622993903,0.00081796057195,-0.013488222833949945,0.1572557873523999,-1,0,-1
485,158,160.0,0.0007529082319108,1.802731116928205e-05,0.1315980992337,0.0125360762162738,B,ILE,0.0008926712636302501,0.0010324342953497,0.0007529082319108,-0.012658867942500016,0.13646907277120005,-1,0,-1
486,159,161.0,0.0007689862979457,2.056646276840173e-05,0.1441414444111476,0.0155421255671442,B,PHE,0.0008219359508386,0.0008748856037315,0.0007689862979457,0.0006849546777499757,0.05791528439969994,0,0,0
487,160,162.0,0.0009141376286034,2.184170929378557e-05,0.2572670062930776,0.018670733950929,B,SER,0.00094184805711475,0.0009695584856261,0.0009141376286034,0.18861749834184996,0.23108597393760008,0,0,0
488,161,163.0,0.0009205158324698,1.776194721849516e-05,0.2636242989854017,0.0150425339461052,B,HIS,0.00099128070541885,0.0010620455783679,0.0009205158324698,0.17242733406170013,0.27291723365059994,0,0,0
489,162,164.0,0.0011124503726239,2.4580054287266517e-05,0.4224495911640052,0.0187256306981355,B,GLU,0.0011150650508187998,0.0011176797290137,0.0011124503726239,0.3202952254338998,0.3567225336218,0,0,0
490,163,165.0,0.0011095962046752,2.567235031230469e-05,0.4171839547925854,0.0192639708486259,B,ASP,0.0010433958907593,0.0009771955768434,0.0011095962046752,0.16334740776295004,0.11109336690839997,0,0,0
491,164,166.0,0.0009594431078937,2.0381338356488024e-05,0.2944047262297187,0.017078509344252,B,GLY,0.0009192752595031,0.0008791074111125,0.0009594431078937,0.033993694093399904,0.011341161798999978,0,0,0
492,165,167.0,0.0010433244034442,2.5029012176515317e-05,0.3607603065199709,0.0198637948378729,B,THR,0.00102909954184605,0.0010148746802479,0.0010433244034442,0.24659163267859982,0.25792736745009986,0,0,0
493,166,168.0,0.0012055518387753,3.030684470972559e-05,0.4850164818699429,0.0207768224803168,B,ARG,0.0011415993950927,0.0010776469514101,0.0012055518387753,0.34519748467864997,0.2916153804295,0,0,0
494,167,169.0,0.0011548243520784,2.882996063606261e-05,0.4496553790830087,0.0206659121827652,B,LEU,0.0010665989855203999,0.0009783736189624,0.0011548243520784,0.15950921945984978,0.06387907722479999,0,0,0
495,168,170.0,0.0010664659404097,2.6685316991608157e-05,0.3779699473436363,0.0199592996885142,B,GLY,0.00100457447971625,0.0009426830190228,0.0010664659404097,0.12409217623705003,0.0351680244654,0,0,0
496,169,171.0,0.0012091057773646,3.0008460348583775e-05,0.488377070936256,0.019884365836125,B,VAL,0.0011736339474681,0.0011381621175716,0.0012091057773646,0.38068413245639987,0.33129931121250006,0,0,0
497,170,172.0,0.0012975285770944,3.3262095944508985e-05,0.5482897384305834,0.0196974317273327,B,GLU,0.00124123123520235,0.0011849338933103,0.0012975285770944,0.3379363765518,0.2522103549819001,0,0,0
498,171,173.0,0.0012255486314306,3.109006036953722e-05,0.5018408322274069,0.0201045606374225,B,HIS,0.0011542582083307,0.0010829677852308,0.0012255486314306,0.16656617210489993,0.05579314255010014,0,0,0
499,172,174.0,0.0012320314157692,3.088712167859939e-05,0.5078342394794296,0.0196139350971321,B,LEU,0.0012079675930381,0.001183903770307,0.0012320314157692,0.24493290668770007,0.16674932764820014,0,0,0
500,173,175.0,0.0014069721161378,3.488854314942762e-05,0.6167858213108439,0.0167539141315893,B,VAL,0.0013749590077988,0.0013429458994598,0.0014069721161378,0.40401445379195006,0.3156797396121,0,0,0
501,174,176.0,0.0014513873564304,3.6607283243115184e-05,0.6407808553448349,0.0168669147696692,B,ALA,0.00140457290957285,0.0013577584627153,0.0014513873564304,0.3386221850605001,0.23217484893220006,0,0,0
502,175,177.0,0.0013893567203155,3.344298682957796e-05,0.6092940622458152,0.0172410704379526,B,LEU,0.00137311541765925,0.001356874115003,0.0013893567203155,0.24044510018204987,0.17605157518769998,0,0,0
503,176,178.0,0.0015030445196802,3.525832581445822e-05,0.6719465730553534,0.014497982443546,B,GLY,0.0014999921885033999,0.0014969398573266,0.0015030445196802,0.35108376697049976,0.2937236522595999,0,0,0
504,177,179.0,0.0014208124284868,3.0214849424381333e-05,0.6342951324971103,0.0138614515743024,B,HIS,0.001435671109675,0.0014505297908632,0.0014208124284868,0.23967646087864977,0.1820566010004999,0,0,0
505,178,180.0,0.0015659517387228,3.097102365169686e-05,0.7088060276552937,0.011270961810086,B,GLN,0.00160168079045555,0.0016374098421883,0.0015659517387228,0.49447243286394993,0.4677588096228,0,0,0
506,179,181.0,0.0014809076415244,2.6678108748325165e-05,0.675028896784965,0.0112377009194861,B,GLN,0.00153153365427915,0.0015821596670339,0.0014809076415244,0.3521832640577,0.34771588607279996,0,0,0
507,180,182.0,0.0013141359606224,2.547350547256602e-05,0.5755811464531873,0.0139909188031661,B,ILE,0.00136526143207945,0.0014163869035365,0.0013141359606224,0.22563632775834996,0.22370042211849994,0,0,0
508,181,183.0,0.0012506047630551,2.3956680458658396e-05,0.5320433237724217,0.014996862807953,B,ALA,0.0013388456251661502,0.0014270864872772,0.0012506047630551,0.3271963140683502,0.37808186645860015,0,0,0
509,182,184.0,0.0011550092645956,2.2425872289167943e-05,0.4554561411019306,0.0160298076766594,B,LEU,0.00124303908132985,0.0013310688980641,0.0011550092645956,0.2755507663363499,0.3364774904560999,0,0,0
510,183,185.0,0.0010209873513518,1.9215429006435565e-05,0.3431011601524036,0.0160014256568043,B,LEU,0.0011405401428833,0.0012600929344148,0.0010209873513518,0.23514042090965,0.3457424377610001,0,0,0
511,184,186.0,0.0010021317705991,2.460549894140888e-05,0.3248426730596345,0.0197863068997329,B,ALA,0.0011752525976715502,0.001348373424744,0.0010021317705991,0.34770203734460015,0.5147366354194001,0,0,0
512,185,187.0,0.0009753336461501,2.674001369323279e-05,0.3091741941007747,0.0211679770046639,B,GLY,0.0012137253336716,0.0014521170211931,0.0009753336461501,0.38237587557780006,0.5932734897027999,0,0,0
513,186,188.0,0.0012983825876094,4.010289459962414e-05,0.534504901750931,0.0215727932749114,B,PRO,0.00148622426755165,0.0016740659474939,0.0012983825876094,0.6609063260208001,0.8709858122187,0,0,0
514,187,189.0,0.0015370547771287,6.548646628124735e-05,0.6343807526007109,0.0194325292572376,B,LEU,0.00167524981651945,0.0018134448559102,0.0015370547771287,0.7318989341437999,0.8892064342301998,0,0,0
515,188,190.0,0.0015760084944785,6.824827579185413e-05,0.6513121280876751,0.0212756288357255,B,SER,0.0017605776135528,0.0019451467326271,0.0015760084944785,0.6974165827940001,0.9032719199268001,0,0,0
516,189,191.0,0.0012571696226405,3.89370271697876e-05,0.5057579519671219,0.0221201568719803,B,SER,0.0014793551125536,0.0017015406024667,0.0012571696226405,0.40633871604599986,0.6521765342941,0,0,0
517,190,192.0,0.0011172123939632,2.652636452693785e-05,0.4201378483667964,0.0194131039524723,B,VAL,0.00138239622629535,0.0016475800586275,0.0011172123939632,0.44453609721640003,0.7342585127609,0,0,0
518,191,193.0,0.000950458054018,3.043158341462785e-05,0.2872982576308917,0.0231460267632234,B,SER,0.00123522957490085,0.0015200010957837,0.000950458054018,0.29938301240335013,0.6122407558838,0,0,0
519,192,194.0,0.0009705496835684,2.294120494482117e-05,0.2969947343636284,0.0185306353453714,B,ALA,0.0012061462727676001,0.0014417428619668,0.0009705496835684,0.36903164250550013,0.6296933690257001,0,0,0
520,193,195.0,0.0011972584396376,2.4903087691198187e-05,0.486600453786549,0.0169187454061429,B,ARG,0.0013591566390807,0.0015210548385238,0.0011972584396376,0.5348425117901001,0.7278650024257001,0,0,0
521,194,196.0,0.0011307533138742,2.444729558515711e-05,0.4344364056680508,0.0182903460109923,B,LEU,0.00128490672764415,0.0014390601414141,0.0011307533138742,0.361795780024,0.5488559474597001,0,0,0
522,195,197.0,0.0009625702104332,2.368245640867529e-05,0.2912153773706065,0.0186412450849901,B,ARG,0.00112865783153585,0.0012947454526385,0.0009625702104332,0.23224717403385015,0.44451398975029993,0,0,0
523,196,198.0,0.0011520994494144,2.390159649755528e-05,0.4513677811550151,0.0168672938991077,B,LEU,0.0012952380697506,0.0014383766900868,0.0011520994494144,0.4889676272792,0.6754272714771,0,0,0
524,197,199.0,0.0013246861358358,2.6992029198991723e-05,0.576565777644591,0.0155237173101138,B,ALA,0.0014403078366845,0.0015559295375332,0.0013246861358358,0.5640124499503999,0.7189772206156999,0,0,0
525,198,200.0,0.0012052350760641,2.544345664810773e-05,0.4930861766342738,0.0177382707399153,B,GLY,0.00128411265840735,0.0013629902407506,0.0012052350760641,0.3146362608161999,0.43254682216399987,0,0,0
526,199,201.0,0.0011942856666247,2.610111301732972e-05,0.4829401943576353,0.017563857262665,B,TRP,0.00124728899531365,0.0013002923240026,0.0011942856666247,0.3379149903810499,0.42947175739939986,0,0,0
527,200,202.0,0.0013977627244638,3.0466348869596676e-05,0.6159082152489406,0.0158120664290354,B,HIS,0.0014817918916251501,0.0015658210587865,0.0013977627244638,0.5935811213266501,0.6920785094074,0,0,0
528,201,203.0,0.0014523206454898,3.097140321795813e-05,0.6479515390213619,0.0152600069735176,B,LYS,0.00151427112693455,0.0015762216083793,0.0014523206454898,0.5011257160200003,0.5691706114196002,0,0,0
529,202,204.0,0.0013757431792567,3.1486233430648044e-05,0.6008818870670835,0.0170859956652251,B,TYR,0.001389625535219,0.0014035078911813,0.0013757431792567,0.3338835976422999,0.35770607319580006,0,0,0
530,203,205.0,0.0014382640580705,3.3603228461718514e-05,0.6358576993878166,0.0156520949631154,B,LEU,0.0014688865920257001,0.0014995091259809,0.0014382640580705,0.4509988238163502,0.45737661167770005,0,0,0
531,204,206.0,0.0016152566883559,3.58331025544485e-05,0.7201720964082368,0.012732909050273,B,THR,0.0016716736081931,0.0017280905280303,0.0016152566883559,0.6021547439314502,0.6250252346235001,0,0,0
532,205,207.0,0.0016191836874843,3.756008052647475e-05,0.7186309345434309,0.013459618686531,B,ARG,0.0016361931600017,0.0016532026325191,0.0016191836874843,0.42441043086844993,0.43482894172399994,0,0,0
533,206,208.0,0.001598015449541,3.798394212911729e-05,0.7097264437689971,0.0139057278712252,B,ASN,0.00160302574053745,0.0016080360315339,0.001598015449541,0.26462849576539993,0.22829888959789996,0,0,0
534,207,209.0,0.0017211213692852,3.890568064863333e-05,0.7594931289866861,0.0108385258797954,B,GLN,0.0017608302268293501,0.0018005390843735,0.0017211213692852,0.3536824081389501,0.2322041357582,0,0,0
535,208,210.0,0.0016250051783788,3.4408077795949424e-05,0.7278350956804659,0.0112796693611132,B,ILE,0.0016734625140757,0.0017219198497726,0.0016250051783788,0.23935052487180025,0.0869707977099001,0,0,0
536,209,211.0,0.0016333823562467,3.096205706982294e-05,0.7383021533456057,0.0101637770982735,B,GLN,0.00176199645453895,0.0018906105528312,0.0016333823562467,0.34738097030235,0.2374858490576,0,0,0
537,210,212.0,0.001477063461622,2.7977400867288664e-05,0.6695706151804445,0.0121373836576156,B,PRO,0.0016237541022756001,0.0017704447429292,0.001477063461622,0.3396173021152,0.3787624109064,0,0,0
538,211,213.0,0.0015572806145953,2.9899994824559488e-05,0.7082494969818917,0.0115159164385004,B,ILE,0.0016985181460422,0.0018397556774891,0.0015572806145953,0.57450449745755,0.6656352047014,0,0,0
539,212,214.0,0.001452919643259,2.9089540077448687e-05,0.6566847895885956,0.0132445180730809,B,ALA,0.0016002067479161,0.0017474938525732,0.001452919643259,0.39807958164445,0.4950725993958999,0,0,0
540,213,215.0,0.0013854785074428,2.8819675346966995e-05,0.6155871398604392,0.0150720411844216,B,GLU,0.0015411461275915998,0.0016968137477404,0.0013854785074428,0.40762518401349973,0.5210934022402,0,0,0
541,214,216.0,0.0012734801442563,2.5342221781898204e-05,0.5436876578620661,0.0166516947486102,B,ARG,0.001448776733741,0.0016240733232257,0.0012734801442563,0.3849013424066,0.5250339520012002,0,0,0
542,215,217.0,0.0011902402446762,2.6329061689176535e-05,0.4751487649300053,0.0192410691702098,B,GLU,0.0014105386569762,0.0016308370692762,0.0011902402446762,0.3833252654394999,0.5777032785342999,0,0,0
543,216,218.0,0.0010383293023236,2.417695733666823e-05,0.3539321032578448,0.0200014947941856,B,GLY,0.00123645740977405,0.0014345855172245,0.0010383293023236,0.25127766059780005,0.42804006384599985,0,0,0
544,217,219.0,0.001059726287255,2.7354219436083365e-05,0.3715270345477116,0.0218886226147458,B,ASP,0.00125551849439125,0.0014513107015275,0.001059726287255,0.33826741361954993,0.5484874759519002,0,0,0
545,218,220.0,0.0009036181592102,2.13835770250031e-05,0.2509525236525535,0.0174294271963002,B,TRP,0.00105288736384025,0.0012021565684703,0.0009036181592102,0.1358647466854,0.3367968952852999,0,0,0
546,219,221.0,0.0008731094377993,2.23313487299307e-05,0.2287769168200693,0.0179250289321394,B,SER,0.00096617118724575,0.0010592329366922,0.0008731094377993,0.13069444071019998,0.3024903792655999,0,0,0
547,220,222.0,0.0007820594911191,1.770226378274502e-05,0.1558499935784922,0.0128617816819249,B,ALA,0.0008408543423794,0.0008996491936397,0.0007820594911191,0.09312397132190005,0.1915997363656,0,0,0
548,221,223.0,0.0009215742832776,2.1929488344878055e-05,0.2659574468085107,0.018440266270769,B,MET,0.0010257763732579,0.0011299784632382,0.0009215742832776,0.37538128239080004,0.49600005983830003,0,0,0
549,222,224.0,0.0010064153568616,2.263076429726804e-05,0.330258144612355,0.0190361912669212,B,SER,0.0011504614536151,0.0012945075503686,0.0010064153568616,0.3595320748079501,0.5248762249982999,0,0,0
550,223,225.0,0.0008913961613652,1.5504332704301435e-05,0.2386446337600068,0.0133412114358183,B,GLY,0.0010087081548125,0.0011260201482598,0.0008913961613652,0.17308576225664984,0.315682117698,0,0,0
551,224,226.0,0.0009276642083643,1.627010264248096e-05,0.2711802731281305,0.0142157695814028,B,PHE,0.00103922871675785,0.0011507932251514,0.0009276642083643,0.2837379315131501,0.4114946077096999,0,0,0
552,225,227.0,0.0011162498492174,2.2872303504130266e-05,0.4205873539106982,0.0186627308750963,B,GLN,0.001268618600574,0.0014209873519306,0.0011162498492174,0.4588072229729,0.6224576602779,0,0,0
553,226,228.0,0.0011505970401089,2.2380866082613148e-05,0.4498266192902093,0.0176672269083244,B,GLN,0.0013096009813164,0.0014686049225239,0.0011505970401089,0.3634109066304001,0.5264239645046,0,0,0
554,227,229.0,0.0010902903354543,1.7605173264584417e-05,0.4062459865576436,0.0144963570716296,B,THR,0.00121547815860535,0.0013406659817564,0.0010902903354543,0.26335655172185,0.37811673570789994,0,0,0
555,228,230.0,0.0012078203977113,2.1044910595308535e-05,0.5035104242476134,0.0158119674953688,B,MET,0.0013562594273242,0.0015046984569371,0.0012078203977113,0.44114886405035,0.5755696167676,0,0,0
556,229,231.0,0.0013867101145278,2.9996157131973955e-05,0.6168928464403444,0.0163522826425743,B,GLN,0.0015521629820769,0.001717615849626,0.0013867101145278,0.5408222049614001,0.6904505311568999,0,0,0
557,230,232.0,0.0013898340465625,2.902671975039894e-05,0.6230360888736677,0.015765546094008,B,MET,0.0015184616837615999,0.0016470893209607,0.0013898340465625,0.3929234650514998,0.4852296110591,0,0,0
558,231,233.0,0.0013945374932412,2.286641080800209e-05,0.6355152189734149,0.0134607128081154,B,LEU,0.0015073061410592,0.0016200747888772,0.0013945374932412,0.3933444743979,0.46549775206090016,0,0,0
559,232,234.0,0.0015592835305863,2.8028329305143623e-05,0.7107966950640008,0.0126102507817705,B,ASN,0.00172917463227625,0.0018990657339662,0.0015592835305863,0.60459188847565,0.7427507321806,0,0,0
560,233,235.0,0.0016832715676152,3.735037577845321e-05,0.745515647073933,0.0128831540042421,B,GLU,0.0018993803702611499,0.0021154891729071,0.0016832715676152,0.647993070362,0.8421322046947,0,0,0
561,234,236.0,0.0019262889882893,4.375529700670536e-05,0.8103942805770795,0.0100470080244253,B,GLY,0.00206300903307655,0.0021997290778638,0.0019262889882893,0.7123370856856998,0.7953335378939,0,0,0
562,235,237.0,0.0017686236754545,3.133535662045512e-05,0.7785650070636589,0.0093901812234933,B,ILE,0.00189870744287695,0.0020287912102994,0.0017686236754545,0.5533723620037001,0.5929681176464001,0,0,0
563,236,238.0,0.0014742865549039,2.354027766693476e-05,0.6751359219144656,0.0110705668240476,B,VAL,0.0015926509658489001,0.0017110153767939,0.0014742865549039,0.3432275908334002,0.43375644879639996,0,0,0
564,237,239.0,0.0013535985184928,2.284085152509377e-05,0.6065114088788048,0.0123306592010148,B,PRO,0.00144118478322455,0.0015287710479563,0.0013535985184928,0.2859414550156999,0.31933852457589984,0,0,0
565,238,240.0,0.0013058624634871,2.34961476333699e-05,0.5743182499250823,0.0129586251062231,B,THR,0.0013756417904902,0.0014454211174933,0.0013058624634871,0.30061779257619997,0.3223881860011,0,0,0
566,239,241.0,0.0011664161222464,2.163087318588626e-05,0.4701827989211868,0.0139264446790399,B,ALA,0.0012223021336951,0.0012781881451438,0.0011664161222464,0.16060727268534988,0.16345827722959996,0,0,0
567,240,242.0,0.0011097890462291,2.432592412718071e-05,0.4181899910098889,0.0183192549654375,B,MET,0.0011825498884949501,0.0012553107307608,0.0011097890462291,0.24617743945760007,0.2792035446004999,0,0,0
568,241,243.0,0.0009795517210222,1.9925709401751e-05,0.3089601438417739,0.0162816687151901,B,LEU,0.00103001990662615,0.0010804880922301,0.0009795517210222,0.1789874799791501,0.1978615578098,0,0,0
569,242,244.0,0.0008343220619524,1.559841891382454e-05,0.1879147223768139,0.0127206095906984,B,VAL,0.00089226081719995,0.0009501995724475,0.0008343220619524,0.1206783430741001,0.17049429179650002,0,0,0
570,243,245.0,0.0008336663716409,1.8300819233653247e-05,0.1943362301468384,0.013836475261337,B,ALA,0.0009007133868392499,0.0009677604020376,0.0008336663716409,0.21207968604309993,0.2869418817196999,0,0,0
571,244,246.0,0.0006755926345524,1.5737441198312326e-05,0.0801618219958045,0.0086064822976032,B,ASN,0.0007430383701927,0.000810484105833,0.0006755926345524,0.08523432209264986,0.15838186931909998,0,0,0
572,245,247.0,0.0006594319538037,1.822494669796821e-05,0.0785136350014983,0.009598139364231,B,ASP,0.00064759362264695,0.0006357552914902,0.0006594319538037,0.051719699486650006,0.08495229250000003,0,0,0
573,246,248.0,0.0006552643624491,1.8808408266305315e-05,0.0757523866603878,0.0101238292431925,B,GLN,0.00071250783870415,0.0007697513149592,0.0006552643624491,0.18063500139045,0.25814643834920004,0,0,0
574,247,249.0,0.0007194732402684,1.4001290177727264e-05,0.1024230489318892,0.0089968662124557,B,MET,0.0008135220133704,0.0009075707864724,0.0007194732402684,0.2684774695958,0.4012077229561,0,0,0
575,248,250.0,0.0006975156981927,1.3996922355805044e-05,0.0910997902307461,0.0076666037961615,B,ALA,0.0007391858098699999,0.0007808559215473,0.0006975156981927,0.10997812651124998,0.1789641499503,0,0,0
576,249,251.0,0.000653499842525,1.499268413705043e-05,0.0701656749004665,0.0074691868789984,B,LEU,0.0006875310839999,0.0007215623254748,0.000653499842525,0.07225399007279999,0.10989249027890005,0,0,0
577,250,252.0,0.0007364298640173,1.3016903840137952e-05,0.1133824221927308,0.008336908419381,B,GLY,0.00081480635252975,0.0008931828410422,0.0007364298640173,0.2191406216440001,0.31009225970510007,0,0,0
578,251,253.0,0.0008319154538327,1.2704326821275886e-05,0.1859026499422063,0.0094746460994005,B,ALA,0.0009098861073848501,0.000987856760937,0.0008319154538327,0.22877721761575007,0.32325096273180004,0,0,0
579,252,254.0,0.0007886335718024,1.2498027183888027e-05,0.1515475833725758,0.0087195356349677,B,MET,0.00084396728205815,0.0008993009923139,0.0007886335718024,0.10198674832399997,0.1535341345771,0,0,0
580,253,255.0,0.0007894509076575,1.3308197406436816e-05,0.1548225523352883,0.0102106864721459,B,ARG,0.00086621876624635,0.0009429866248352,0.0007894509076575,0.13696502368029997,0.2071768180759,0,0,0
581,254,256.0,0.0009454490464268,1.4566498878016502e-05,0.2837450233314781,0.0133470420671159,B,ALA,0.0010481210722226,0.0011507930980184,0.0009454490464268,0.29530227567355005,0.3999129365959,0,0,0
582,255,257.0,0.001006214274941,1.5014046594442686e-05,0.3382208142471852,0.0136857185485585,B,ILE,0.00109906151783145,0.0011919087607219,0.001006214274941,0.23995560589709988,0.3288775010231999,0,0,0
583,256,258.0,0.0009826290381864,1.822071952574762e-05,0.3198124919731152,0.0166507183225563,B,THR,0.00107642038882395,0.0011702117394615,0.0009826290381864,0.17952833731630008,0.2557377996613001,0,0,0
584,257,259.0,0.0010451419922917,2.1451592724099296e-05,0.3694079369836036,0.0191743220110858,B,GLU,0.0011650777588619499,0.0012850135254322,0.0010451419922917,0.2587888339974999,0.3669054668961999,0,0,0
585,258,260.0,0.0012170823254749,2.3857230168438764e-05,0.5062930776146239,0.0182436373443489,B,SER,0.00132666874468,0.0014362551638851,0.0012170823254749,0.36494698139304993,0.4663178441501999,0,0,0
586,259,261.0,0.0012293905422373,2.7204217487443025e-05,0.510809538079541,0.0195330663840133,B,GLY,0.0013529913888965998,0.0014765922355559,0.0012293905422373,0.2851019896131998,0.38554466024449996,0,0,0
587,260,262.0,0.0012133156808614,2.194643608583052e-05,0.5085192003082321,0.0165379359708181,B,LEU,0.0013093743176571999,0.001405432954453,0.0012133156808614,0.2158640341884,0.28973141226279997,0,0,0
588,261,263.0,0.0011487418510854,2.0917387807015877e-05,0.4570829230703369,0.0171121436919908,B,ARG,0.0012213346915177499,0.0012939275319501,0.0011487418510854,0.17055640360954996,0.21141705797159993,0,0,0
589,262,264.0,0.0009990853679486,1.6934930688392057e-05,0.3342608844556701,0.0145912036548992,B,VAL,0.00104926017849205,0.0010994349890355,0.0009990853679486,0.0545841341793999,0.07115377172580004,0,0,0
590,263,265.0,0.0010816289028644,2.184946129849224e-05,0.3996318335545184,0.0170342958273854,B,GLY,0.0011147858091397,0.001147942715415,0.0010816289028644,0.2381203562128,0.23654868411669985,0,0,0
591,264,266.0,0.0012671302039776,2.6438159494627625e-05,0.5439017081210668,0.0179856373585181,B,ALA,0.0012986117668866,0.0013300933297956,0.0012671302039776,0.3645160114040501,0.35397923466259995,0,0,0
592,265,267.0,0.0012805437773992,2.423829974665253e-05,0.556338028169014,0.0159624572426131,B,ASP,0.0013267162370352499,0.0013728886966713,0.0012805437773992,0.26335342224439984,0.2581993046046,0,0,0
593,266,268.0,0.001142842215577,2.043840406282449e-05,0.4526948927608201,0.0146585384271266,B,ILE,0.00119899141397965,0.0012551406123823,0.001142842215577,0.13422889150180004,0.13836877072249998,0,0,0
594,267,269.0,0.0010448488925043,2.060792712911096e-05,0.367888180144698,0.01505795725677,B,SER,0.00108867015391915,0.001132491415334,0.0010448488925043,0.1356729047349999,0.13467070070519996,0,0,0
595,268,270.0,0.0008971954573969,1.6795149514318103e-05,0.2405282760392139,0.0133627902361599,B,VAL,0.0009089168560378,0.0009206382546787,0.0008971954573969,0.021706233281449955,-0.009197578182199993,0,0,0
596,269,271.0,0.0008373506451455,1.9550402980686043e-05,0.1904619204589237,0.0150638646727178,B,VAL,0.00081892247641685,0.0008004943076882,0.0008373506451455,0.054515900258099936,0.011055248726399985,0,0,0
597,270,272.0,0.0006866865494547,1.619525046980193e-05,0.0874609358277323,0.0105378221110276,B,GLY,0.00067862077440615,0.0006705549993576,0.0006866865494547,-0.035791516316049994,-0.06544073918519996,-1,-1,-1
598,271,273.0,0.000692469383073,1.5133199092955562e-05,0.0865833297658289,0.0089524114077307,B,TYR,0.00067437662601105,0.0006562838689491,0.000692469383073,0.05296647466474999,0.02578862474889997,0,0,0
599,272,274.0,0.0006712131619502,1.1629394085553276e-05,0.0690954236054625,0.0063250115618681,B,ASP,0.00066071588414995,0.0006502186063497,0.0006712131619502,0.03903502515699994,0.04451439537139995,0,0,0
600,273,275.0,0.0007301486531084,1.948981313069193e-05,0.1199537651440557,0.0132427344074597,B,ASP,0.0006431012721781,0.0005560538912478,0.0007301486531084,0.04617251777250004,0.004601668450699976,0,0,0
601,274,276.0,0.0007531247298138,2.3029759223699523e-05,0.1422578021319405,0.0153449604990734,B,THR,0.00067899611071645,0.0006048674916191,0.0007531247298138,0.040960624534800004,0.023170077899899947,0,0,0
602,275,277.0,0.0008806318560373,2.0294676802312215e-05,0.2340425531914893,0.0168631055398776,B,GLU,0.0008592305475019499,0.0008378292389666,0.0008806318560373,0.26251678210479995,0.2099349276697,0,0,0
603,276,278.0,0.0009158287833931,2.207921016028281e-05,0.2668992679481142,0.0188518333191224,B,ASP,0.00085598819333155,0.00079614760327,0.0009158287833931,0.17967735772180005,0.11967377427120005,0,0,0
604,277,279.0,0.0008991190571753,2.044356476923394e-05,0.2485979708035447,0.0172062350033245,B,SER,0.0008011330844665,0.0007031471117577,0.0008991190571753,0.15320364750579993,0.12594935769880003,0,0,0
605,278,280.0,0.0008954615506118,1.7023596913055598e-05,0.2407423262982147,0.0135874275720941,B,SER,0.0008059986413129,0.000716535732014,0.0008954615506118,0.16041232903485,0.10703645910670005,0,0,0
606,279,281.0,0.0008264848266395,1.7165758338143843e-05,0.1889207585941178,0.0136687569979298,B,CYS,0.0007786596664356999,0.0007308345062319,0.0008264848266395,0.07398205993615001,0.032765518719700036,0,0,0
607,280,282.0,0.0007110060814516,1.821226594693918e-05,0.1084164561839119,0.0124501995173962,B,TYR,0.0007006039484349501,0.0006902018154183,0.0007110060814516,-0.008664533524399921,-0.030220226122399958,0,-1,0
608,281,283.0,0.0008184859868582,1.684171618403616e-05,0.1810437090628879,0.013953899632658,B,ILE,0.0008195972944535,0.0008207086020488,0.0008184859868582,0.15109240572119992,0.14098992149599995,0,0,0
609,282,284.0,0.0008680606813354,1.6495511754144785e-05,0.2190162250096322,0.014310869045917,B,PRO,0.00086905946141235,0.0008700582414893,0.0008680606813354,0.11623712090265002,0.10375865720220001,0,0,0
610,283,285.0,0.000825693034287,1.91350935652535e-05,0.1843614880774005,0.0150629643467027,B,PRO,0.0007839342124605,0.000742175390634,0.000825693034287,0.0017351186917498925,-0.06041045291800009,0,-1,0
611,284,286.0,0.0007532769820995,1.7914418369086758e-05,0.1334603364870071,0.0124156383432305,B,LEU,0.0007119624306569,0.0006706478792143,0.0007532769820995,-0.01539773551689999,-0.08510141209789994,-1,-1,-1
612,285,287.0,0.0008158949294101,1.9675948258289586e-05,0.1772336144526734,0.0142203989062485,B,THR,0.00075102106492055,0.000686147200431,0.0008158949294101,0.07301740165445003,-0.011531840677800005,0,-1,0
613,286,288.0,0.0007634825237919,1.984218593509189e-05,0.1404169699045335,0.0139662682239024,B,THR,0.0006787061501260501,0.0005939297764602,0.0007634825237919,-0.04481553024904988,-0.1612239417553,-1,-1,-1
614,287,289.0,0.0008586249632829,2.0629154395571345e-05,0.2088274326811935,0.0174120782355951,B,ILE,0.00074675956434985,0.0006348941654168,0.0008586249632829,0.0827781259768,-0.03771060123379999,0,-1,0
615,288,290.0,0.0009268812101466,2.4038361064489884e-05,0.2701956419367268,0.0200642072692838,B,LYS,0.0007980817933766001,0.0006692823766066,0.0009268812101466,0.12034362450895006,-0.016364483750199995,0,-1,0
616,289,291.0,0.0009247754733865,2.9684833196220144e-05,0.2624042125090971,0.0228419698485098,B,GLN,0.0008460779620067501,0.000767380450627,0.0009247754733865,0.17274368570420007,0.11685115990100006,0,0,0
617,290,292.0,0.0008971343798815,2.216686025234512e-05,0.2423905132925209,0.0179657132694108,B,ASP,0.00089010708407005,0.0008830797882586,0.0008971343798815,0.19834048704574994,0.2533312039641,0,0,0
618,291,293.0,0.0007738615373219,1.7063486682034238e-05,0.1433066484010444,0.012217742673847,B,PHE,0.00084272540611465,0.0009115892749074,0.0007738615373219,0.10184910303135004,0.23904947298430002,0,0,0
619,292,294.0,0.000947087128295,1.7444929239518487e-05,0.2872340425531914,0.0143398205397274,B,ARG,0.00098290346162795,0.0010187197949609,0.000947087128295,0.24786563167030004,0.3248072637658,0,0,0
620,293,295.0,0.0009807776666721,1.8298470748854472e-05,0.3175221542018064,0.0149035026110992,B,LEU,0.0010123178088655002,0.0010438579510589,0.0009807776666721,0.21271355639090017,0.3315994559497001,0,0,0
621,294,296.0,0.0008040341066275,1.4295666654476332e-05,0.1582473564793013,0.0111577254318947,B,LEU,0.0008898476902826,0.0009756612739377,0.0008040341066275,0.047022258177700005,0.23763775042299995,0,0,0
622,295,297.0,0.0008401252089822,1.3245061505494644e-05,0.1877434821696133,0.0095512478000152,B,GLY,0.00091551084924215,0.0009908964895021,0.0008401252089822,0.10981873836260003,0.24709255967570007,0,0,0
623,296,298.0,0.0010535163616338,1.9063629273411005e-05,0.3873025386360716,0.0158710510862583,B,GLN,0.0010927933179743499,0.0011320702743149,0.0010535163616338,0.24943966760459982,0.3360673859638,0,0,0
624,297,299.0,0.0010294247518106,1.820052738923634e-05,0.3648272614409865,0.0154944876997879,B,THR,0.0010945595775317001,0.0011596944032528,0.0010294247518106,0.15747567573820023,0.31314003002880003,0,0,0
625,298,300.0,0.0009076722278133,1.58694304802102e-05,0.2451945716854316,0.0128770980818399,B,SER,0.00099848353016385,0.0010892948325144,0.0009076722278133,0.02978642769369997,0.1973663607260001,0,0,0
626,299,301.0,0.0010424815741732,1.8740857640661343e-05,0.3721691853247144,0.014371465739186,B,VAL,0.0011022684631616,0.00116205535215,0.0010424815741732,0.15945142899034997,0.251467733768,0,0,0
627,300,302.0,0.0011766253424662,2.1079927041271e-05,0.4843315210411406,0.0152102407383419,B,ASP,0.0012398443981162,0.0013030634537662,0.0011766253424662,0.23337030267410008,0.32725706717810005,0,0,0
628,301,303.0,0.0010696889729593,1.7835648270629595e-05,0.392889250395993,0.014077870199364,B,ARG,0.00116474724832935,0.0012598055236994,0.0010696889729593,0.07019758624974984,0.22309688039589995,0,0,0
629,302,304.0,0.0010646316392906,2.1302579960207585e-05,0.3835994691553576,0.0150493520905265,B,LEU,0.001146549822269,0.0012284680052474,0.0010646316392906,0.03913938082940023,0.15115377583920017,0,0,0
630,303,305.0,0.0012676048584118,2.6524491694576512e-05,0.5420608758936598,0.0148214380676985,B,LEU,0.0013170698709473,0.0013665348834828,0.0012676048584118,0.19992125636809996,0.23290163466549982,0,0,0
631,304,306.0,0.0012843123385185,2.6443472451979124e-05,0.5509653666680935,0.0138009588921095,B,GLN,0.0013841764662564,0.0014840405939943,0.0012843123385185,0.17806810294565004,0.26862598128239995,0,0,0
632,305,307.0,0.0012123114830259,2.8207206880083136e-05,0.4906031936298642,0.0162763565205349,B,LEU,0.00133072656785515,0.0014491416526844,0.0012123114830259,0.07093166974230002,0.18085256418819987,0,0,0
633,306,308.0,0.0013354331783311,3.4964667364541646e-05,0.5726058478530757,0.0154868469877937,B,SER,0.00140417259730875,0.0014729120162864,0.0013354331783311,0.15479498000589997,0.1652730875879001,0,0,0
634,307,309.0,0.0014738075359529,4.007597163005328e-05,0.6470739329594589,0.0140824030954384,B,GLN,0.0015575528781144499,0.001641298220276,0.0014738075359529,0.2655039838387,0.274495861356,0,0,0
635,308,310.0,0.0014341749866257,3.971980307603608e-05,0.620788561154159,0.0158373776633271,B,GLY,0.00159663198719345,0.0017590889877612,0.0014341749866257,0.21270937786540015,0.3239412935280002,0,0,0
636,309,311.0,0.0013964271005079,3.611225041211352e-05,0.6006036217303821,0.0183210213415911,B,GLN,0.001600605141122,0.0018047831817361,0.0013964271005079,0.1966930271256502,0.33101024466549994,0,0,0
637,310,312.0,0.0014052108057994,3.494290465462869e-05,0.6099576180487176,0.0197503245550736,B,ALA,0.0017061414009211,0.0020070719960428,0.0014052108057994,0.2601709072591501,0.5078924663734,0,0,0
638,311,313.0,0.0012712854446747,2.6750273756792927e-05,0.5386360717496467,0.018676818116352,B,VAL,0.0016284216943166,0.0019855579439585,0.0012712854446747,0.08603319915719997,0.3347173890583001,0,0,0
639,312,314.0,0.0013803382347833,2.7864707087885493e-05,0.6074746350443082,0.0164518290660211,B,LYS,0.0015266353221571002,0.0016729324095309,0.0013803382347833,0.04235404271565012,0.13635201651560006,0,0,0
640,313,315.0,0.0012228864704983,3.0652750400456593e-05,0.503596044351214,0.0204584898019145,B,GLY,0.00129898546427205,0.0013750844580458,0.0012228864704983,-0.07572337078899996,0.018141280549699955,-1,0,-1
641,314,316.0,0.00106373563103,3.761525030395631e-05,0.3644419709747848,0.0226064146693083,B,ASN,0.0011529943756708,0.0012422531203116,0.00106373563103,-0.10064643488904992,0.005478971533099796,-1,0,-1
642,315,317.0,0.0009826620634294,2.8733341707066367e-05,0.3091955991266749,0.0221569522333836,B,GLN,0.0010896310669807501,0.0011966000705321,0.0009826620634294,0.02246415900490021,0.13082491042650013,0,0,0
643,316,318.0,0.0009229401856683,2.7275550967995747e-05,0.2675628237510167,0.0222114825888138,B,LEU,0.00100171864731625,0.0010804971089642,0.0009229401856683,-0.005482285605150003,0.11005825548659999,0,0,0
644,317,319.0,0.0009212945435029,2.207440922877651e-05,0.2652082709020077,0.0184542697365253,B,LEU,0.0009615410368252,0.0010017875301475,0.0009212945435029,0.03875640189360003,0.13075854688099992,0,0,0
645,318,320.0,0.0010546142640351,2.6387164228295788e-05,0.3778415171882358,0.0203206919811339,B,PRO,0.0009833804799275,0.0009121466958199,0.0010546142640351,0.12083593163554987,0.11508677964500007,0,0,0
646,319,321.0,0.0010297773287056,2.3957500262585105e-05,0.3547026841902477,0.0193588479027838,B,VAL,0.00090708899718735,0.0007844006656691,0.0010297773287056,0.04104389478564992,-0.019940575799300034,0,-1,0
647,320,322.0,0.0010911838649882,2.5709954925496987e-05,0.4019649813776274,0.0192796449525762,B,SER,0.0009538401355463499,0.0008164964061045,0.0010911838649882,0.16805035210954986,0.06385360736039992,0,0,0
648,321,323.0,0.0010177256036201,2.4255545803968666e-05,0.3441500064215076,0.0184493312217797,B,LEU,0.0009128260960632,0.0008079265885063,0.0010177256036201,0.10000986045654994,0.00921617229770002,0,0,0
649,322,324.0,0.0010051389315176,2.2718263688894824e-05,0.3365084121751787,0.0169987990900825,B,VAL,0.0009197766910322501,0.0008344144505469,0.0010051389315176,0.12693943532185015,0.02397281818580007,0,0,0
650,323,325.0,0.0010093056047306,2.380747077237593e-05,0.3379211438845841,0.0176134480167386,B,LYS,0.0009513901162395001,0.0008934746277484,0.0010093056047306,0.16264506889570013,0.09199853370110006,0,0,0
651,324,326.0,0.0009949123769037,2.4321642814029605e-05,0.3225951453401259,0.0179503438373058,B,ARG,0.00092766607134965,0.0008604197657956,0.0009949123769037,0.07543105885039997,-0.02584795725290006,0,-1,0
652,325,327.0,0.0009874727217538,2.267686637123019e-05,0.3168585983989041,0.0173085968390551,B,LYS,0.0009721481149681001,0.0009568235081824,0.0009874727217538,0.12694614240720004,0.06734361125909996,0,0,0
653,326,328.0,0.0008992504840776,1.8707985336078445e-05,0.242668778629222,0.0149852697450983,B,THR,0.0009046129389625,0.0009099753938474,0.0008992504840776,0.04037080441260008,0.007024550782900089,0,0,0
