position,mutation_count,is_silent,is_too_few,ligand_contact,tetramer_helix,both,IPTG_only,any_IPTG,IPTG_silent,IPTG_flat,IPTG_correlated,IPTG_uncorrelated,ONPF_only,any_ONPF,ONPF_silent,ONPF_flat,ONPF_parallel,ONPF_up,ONPF_down,GP_log_g0_mean,GP_log_g0_span,GP_log_g40_IPTG_mean,GP_log_g40_IPTG_span,GP_log_g5000_IPTG_mean,GP_log_g5000_IPTG_span,GP_log_g_ratio_5000_IPTG_mean,log_ec50_IPTG_mean,log_ec50_IPTG_span,mid_IPTG_g0_pearson,GP_log_g16_ONPF_mean,GP_log_g16_ONPF_span,GP_log_g2000_ONPF_mean,GP_log_g2000_ONPF_span,GP_log_g_ratio_2000_ONPF_mean
236,3,True,False,False,False,False,False,False,True,False,False,False,False,False,True,False,True,False,False,0.31065077087514376,0.5625249999999999,-0.0039038206483379793,0.21189999999999998,0.010580278672739632,0.04097500000000043,-0.26925614545348464,0.042757710967855814,0.28788500000000017,0.7393817423613818,-0.08212091921984079,0.5181,0.08656886274900841,0.14583653924999984,-0.15870496888210447
148,1,False,True,True,False,False,False,False,True,False,False,False,False,False,True,False,False,False,False,-0.16370217300000012,0.16370217300000012,-0.23078021699999993,0.23078021699999995,-0.0026019535000001426,0.0026019535000001426,0.1453505474999992,0.2912103460000002,0.2912103460000002,1.0,-0.09245368019999978,0.09245368019999978,0.19113153924999993,0.19113153924999993,0.3257531493710001
75,1,False,True,True,False,False,False,False,False,False,True,False,True,True,True,False,False,True,False,-0.22946217300000016,0.22946217300000016,-1.5692452170000002,1.5692452170000002,-1.4064669534999998,1.4064669534999998,-1.1927544525000005,1.0154453460000004,1.0154453460000004,1.0,-0.10848368019999999,0.10848368019999999,0.5526615392499998,0.5526615392499998,0.753043149371
346,2,False,True,False,True,False,False,False,True,False,False,False,True,True,True,False,False,True,False,-0.48447120176526043,0.5085971730000001,0.018566326514069524,0.17256000000000027,-0.0316991428492399,0.03353695349999963,0.4353550536495159,-0.02912963050015601,0.1371199999999999,-0.1641436181893404,-0.4411165956166581,0.5071286801999999,0.24707875727094922,0.3484315392499999,0.7033690345175999
360,2,False,True,False,True,False,False,False,True,False,False,False,False,False,True,False,True,False,False,-0.2284815476660385,0.234117173,0.05164821292786936,0.20772499999999994,-0.06391566408257426,0.10063695349999957,0.14187155300785814,-0.18121866647315768,0.25198965399999995,-0.3277218377659281,-0.4525694397453899,0.5134636801999999,-0.16574219015640773,0.16732346075000004,0.03429245847550164
353,2,False,True,False,True,False,False,False,True,False,False,False,False,False,True,False,False,False,False,-0.17088120837878013,0.4522721730000001,0.04737742372237735,0.2232997830000003,0.02792085937381883,0.15589999999999904,0.1307454102017671,-0.04657630810172428,0.34880500000000003,-0.9972142339706462,0.2674600458271095,0.29743131980000026,0.33345871387127074,0.6139115392500001,0.6134931997857858
356,1,False,True,False,True,False,False,False,False,False,True,False,False,False,True,False,True,False,False,0.15642782699999971,0.1564278269999997,0.6631497829999993,0.6631497829999993,0.03798304649999995,0.03798304649999995,-0.1341944525000005,-0.840734654,0.840734654,0.9999999999999999,0.34924131979999995,0.34924131979999995,0.25202653925000007,0.25202653925000007,0.06651814937100042
30,1,False,True,False,False,True,False,True,False,True,False,False,False,True,False,True,False,False,False,1.0651478269999999,1.0651478269999999,0.07446978300000007,0.07446978300000007,-0.5686969534999999,0.5686969534999999,-1.6495944525000006,-0.42943965399999984,0.42943965399999984,1.0,1.4159513198000004,1.4159513198000004,1.6147765392499998,1.6147765392499998,0.5205481493709999
269,1,False,True,False,False,True,False,True,False,False,False,True,False,True,True,False,False,False,True,0.26317782700000003,0.26317782700000003,-0.1753852170000001,0.1753852170000001,-0.3354669535000001,0.3354669535000001,-0.6143944525000009,-0.10120965400000004,0.10120965400000004,-1.0,-0.33114368019999985,0.33114368019999985,0.004676539249999889,0.004676539249999889,-0.2875818506290001
182,1,False,True,False,False,True,False,True,False,False,False,True,False,True,True,False,False,False,True,0.35075282699999977,0.35075282699999977,-0.3439002170000003,0.3439002170000003,-0.12437695349999968,0.12437695349999967,-0.4908794525000002,0.20934034599999984,0.20934034599999984,-1.0,-0.2623836801999999,0.2623836801999999,0.054271539249999945,0.054271539249999945,-0.3255618506289998
128,1,False,True,False,False,True,False,True,False,False,False,True,False,True,False,True,False,False,False,0.2574978269999997,0.2574978269999997,-0.15372021700000005,0.15372021700000005,-0.26584195349999984,0.26584195349999984,-0.5390894525000003,0.08234534599999987,0.08234534599999987,-1.0,0.6527363198000002,0.6527363198000002,0.9402065392500001,0.9402065392500001,0.6536281493710004
297,1,False,True,False,False,False,True,True,False,True,False,False,False,False,False,False,True,False,False,1.156162827,1.156162827,0.23784978300000012,0.23784978300000015,-0.7712419534999997,0.7712419534999997,-1.9431544525000004,-1.310429154,1.310429154,1.0,1.1261613198000004,1.1261613198000004,1.1999615392500003,1.1999615392500003,0.014718149371000355
298,1,False,True,False,False,False,True,True,False,False,False,True,False,False,True,False,True,False,False,0.009942826999999932,0.009942826999999932,-0.3065602169999999,0.3065602169999999,0.02465304650000011,0.02465304650000011,-0.0010394525000005927,0.39892034600000015,0.39892034600000015,-0.9999999999999999,-0.11305868019999998,0.11305868019999998,-0.04041346074999996,0.04041346074999996,-0.07943685062899986
253,1,False,True,False,False,False,True,True,False,False,False,True,False,False,True,False,True,False,False,-0.1570021730000002,0.1570021730000002,0.5676147830000002,0.5676147830000002,-0.15864695349999902,0.15864695349999902,-0.017394452499999602,-0.9610996539999999,0.9610996539999999,-1.0,-0.4462786801999998,0.44627868019999983,-0.04081346074999992,0.04081346074999992,0.08710814937100031
276,1,False,True,False,False,False,True,True,False,False,False,True,False,False,False,False,True,False,False,0.43010282699999963,0.4301028269999996,-0.9271902170000001,0.9271902170000001,-0.49619695350000015,0.49619695350000015,-0.9420494525000004,1.414185346,1.414185346,-1.0,0.6789863197999999,0.6789863197999999,0.45442653925,0.45442653925,-0.004756850628999554
280,1,False,True,False,False,False,False,False,True,False,False,False,True,True,True,False,False,True,False,-0.3067721729999999,0.3067721729999999,0.15780978299999981,0.15780978299999981,-0.16280695349999963,0.16280695349999963,0.12821554749999953,-0.321039654,0.321039654,-1.0,0.2201213198000005,0.2201213198000005,0.5635215392499999,0.5635215392499999,0.8412131493709999
227,2,False,True,False,False,False,False,False,True,False,False,False,True,True,True,False,False,False,True,0.2333671799688484,0.35822282699999985,0.016390290364137607,0.05011478300000016,-0.07808023236316126,0.10140695349999973,-0.3266548674075891,-0.009311863566519923,0.022424653999999933,-0.3202945069044141,-0.018735004776063005,0.27464,-0.13530718469274644,0.13623846075,-0.39471090041589585
150,1,False,True,False,False,False,False,False,True,False,False,False,True,True,True,False,False,False,True,0.034762826999999996,0.034762826999999996,-0.21731021700000008,0.21731021700000008,-0.00241195350000023,0.00241195350000023,-0.052924452500000996,0.3617303460000003,0.3617303460000003,-1.0,-0.5389436801999998,0.5389436801999998,-0.19779846075000007,0.19779846075000007,-0.26164185062900003
323,1,False,True,False,False,False,False,False,True,False,False,False,True,True,False,True,False,False,False,0.2899378269999999,0.2899378269999999,-0.040960216999999854,0.040960216999999854,-0.019651953499999486,0.019651953499999486,-0.3253394525000002,0.14812534600000005,0.14812534600000005,-1.0,0.7196463198000003,0.7196463198000003,0.9279915392499998,0.9279915392499998,0.6089731493709999
233,1,False,True,False,False,False,False,False,True,False,False,False,True,True,False,True,False,False,False,0.8359578269999999,0.8359578269999999,0.19502478300000003,0.19502478300000003,-0.09734695349999978,0.09734695349999978,-0.9490544525000004,-0.23378965399999974,0.23378965399999974,1.0,1.0420563198000004,1.0420563198000004,1.2651865392500001,1.2651865392500001,0.4001481493710003
205,1,False,True,False,False,False,False,False,True,False,False,False,True,True,False,False,False,True,False,-0.562237173,0.562237173,-0.1352252169999999,0.1352252169999999,-0.1088369535,0.1088369535,0.4376505474999992,-0.03246465399999998,0.03246465399999998,1.0,-0.6125886802,0.6125886802,0.9969565392500002,0.9969565392500002,1.530113149371
62,1,False,True,False,False,False,False,False,True,False,False,False,True,True,False,False,False,False,True,0.28508282699999987,0.28508282699999987,-0.07384521700000013,0.07384521700000013,0.03601304649999992,0.03601304649999992,-0.2648194525000007,0.17735534600000014,0.17735534600000014,-0.9999999999999999,-0.6323236801999998,0.6323236801999998,-0.08941846075000015,0.08941846075000015,-0.403581850629
340,2,False,True,False,False,False,False,False,True,False,False,False,False,False,True,False,True,False,False,-0.09296721962708707,0.09365217299999995,-0.0021034965706077497,0.024480000000000057,-0.1383958489052504,0.15446695350000006,-0.05873313400729732,-0.034497074095718235,0.04893965399999978,-0.029232275364226797,-0.3136341929434602,0.41662368019999985,0.010436447160459867,0.06700000000000017,0.06774161310509474
336,1,False,True,False,False,False,False,False,True,False,False,False,False,False,True,False,True,False,False,0.14374282699999985,0.14374282699999985,-0.03478021699999978,0.03478021699999978,-0.1721919534999996,0.1721919534999996,-0.3316844525000002,-0.056514653999999886,0.056514653999999886,-1.0,0.18212131980000024,0.18212131980000024,-0.015018460750000129,0.015018460750000129,-0.18784185062899994
312,2,False,True,False,False,False,False,False,True,False,False,False,False,False,True,False,True,False,False,0.1259698901731952,0.291437827,0.06024948015635247,0.17557978299999988,-0.09773800652665365,0.12998695350000045,-0.2258519846471344,-0.13604964032517095,0.32372465399999983,0.999228351218589,0.027904509868413824,0.03749131979999998,-0.05403033935860238,0.10097500000000004,-0.2262683853036395
310,2,False,True,False,False,False,False,False,True,False,False,False,False,False,True,False,True,False,False,0.07203455643088527,0.2212628270000001,-0.07080539617295972,0.13214999999999977,0.035672712170918254,0.05818499999999993,-0.07222127730340437,0.11660859808513409,0.21100999999999992,0.7064525276853438,-0.12826873292978608,0.15118868019999976,-0.01739902877896759,0.18881000000000014,-0.1576020905959097
287,2,False,True,False,False,False,False,False,True,False,False,False,False,False,True,False,True,False,False,0.09137797014330047,0.1520199999999996,-0.07152955918831926,0.07814521699999988,-0.1437894101192528,0.20717195349999962,-0.24626150841264577,-0.01111381428480363,0.04435999999999973,-0.31642992569877687,0.028221057765528416,0.14459500000000003,0.025184808899125763,0.35262499999999997,-0.05139801485430865
268,1,False,True,False,False,False,False,False,True,False,False,False,False,False,True,False,True,False,False,-0.11462717299999992,0.11462717299999992,-0.208010217,0.208010217,-0.2337719534999998,0.2337719534999998,-0.13489445250000065,0.09258534600000035,0.09258534600000035,1.0,-0.17263868019999995,0.17263868019999995,-0.0023134607499999404,0.0023134607499999404,0.08323314937100001
262,2,False,True,False,False,False,False,False,True,False,False,False,False,False,True,False,True,False,False,0.30095973976208273,0.3050828269999999,-0.003826981969189121,0.06856499999999954,-0.03646183466771393,0.07102695349999966,-0.3495514259835953,-0.004290450109867228,0.14771500000000026,0.10198424444523184,0.2689214528731199,0.3822263198,0.09640491959333726,0.46155500000000016,-0.09335877925936532
213,2,False,True,False,False,False,False,False,True,False,False,False,False,False,True,False,True,False,False,-0.03088597236331077,0.22549500000000022,0.026560011480986696,0.06961999999999957,-0.012117263920912367,0.224615,0.03631856591155878,0.02343257802143551,0.08182500000000026,-0.9648170673004512,-0.41144182684267483,0.5539086802,-0.11714073113672736,0.20467346075000004,-0.07302638588471555
202,1,False,True,False,False,False,False,False,True,False,False,False,False,False,True,False,True,False,False,0.32261782699999997,0.32261782699999997,-0.1313602170000001,0.1313602170000001,-0.03318695350000045,0.03318695350000045,-0.3715544525000012,0.11689034600000037,0.11689034600000037,-1.0,0.21029131980000004,0.21029131980000004,0.46966653924999985,0.4696665392499999,0.11796814937099998
169,2,False,True,False,False,False,False,False,True,False,False,False,False,False,True,False,True,False,False,-0.011771078427920774,0.014732173000000293,-0.1579223665959911,0.15900521700000025,-0.03250401833841134,0.1883499999999998,-0.027104452823145306,0.19193699351147708,0.21238000000000046,0.7678357654710478,-0.10268832579513104,0.24861,0.05460782481268273,0.5996900000000001,0.012424584012103338
132,2,False,True,False,False,False,False,False,True,False,False,False,False,False,True,False,True,False,False,-0.002205493609020367,0.2084649999999999,-0.029387947188920797,0.13671000000000033,0.0014982113112556642,0.012715000000000032,0.009864268177152134,0.051626262708977,0.24194000000000004,0.9491565971181449,-0.24415065797279065,0.2986286801999998,-0.1863410307420798,0.22182846075000007,-0.22269991997983102
44,2,False,True,False,False,False,False,False,True,False,False,False,False,False,True,False,True,False,False,0.1624890696314432,0.2728299999999999,0.09828850446954362,0.11478478299999972,0.007998669222414696,0.030689999999999884,-0.2014530927542099,-0.1270365170682385,0.17964965399999988,0.7285691851185768,0.41092619509606304,0.4546163198000004,0.26302309963462406,0.41477653925,0.10337871581677538
320,1,False,True,False,False,False,False,False,True,False,False,False,False,False,True,False,False,False,False,-0.34734717299999995,0.34734717299999995,-0.10400521699999965,0.10400521699999965,-0.022246953499999833,0.022246953499999833,0.3093505474999994,0.10412534600000001,0.10412534600000001,0.9999999999999999,-0.5143836801999999,0.5143836801999999,-0.016708460750000098,0.016708460750000098,0.3015581493709999
270,1,False,True,False,False,False,False,False,True,False,False,False,False,False,True,False,False,False,False,-0.34680717299999997,0.34680717299999997,0.10992978299999967,0.10992978299999967,-0.019151953499999763,0.019151953499999763,0.31190554749999944,-0.14092465399999998,0.14092465399999998,-1.0,-0.4080236801999999,0.4080236801999999,-0.051903460750000185,0.051903460750000185,0.2658231493709998
289,1,False,True,False,False,False,False,False,True,False,False,False,False,False,False,False,True,False,False,-0.24713717300000002,0.24713717300000004,0.07349478300000012,0.07349478300000012,0.06487304649999981,0.06487304649999981,0.29626054749999886,-0.013614653999999947,0.013614653999999948,-1.0,-0.6805286801999997,0.6805286801999997,-0.29670346074999987,0.29670346074999987,-0.07864685062899979
34,1,False,True,False,False,False,False,False,True,False,False,False,False,False,False,False,True,False,False,0.9398778269999999,0.9398778269999999,0.07565478300000006,0.07565478300000006,-0.1656019535000004,0.1656019535000004,-1.121229452500001,-0.15785465399999987,0.15785465399999987,1.0,0.5400213198000001,0.5400213198000001,0.8212065392499999,0.8212065392499999,-0.14775185062899998
222,1,False,True,False,False,False,False,False,True,False,False,False,False,False,False,False,False,False,False,0.418207827,0.41820782700000003,0.2173047829999999,0.2173047829999999,0.02630804649999963,0.026308046499999627,-0.4076494525000012,-0.22563465399999982,0.22563465399999982,1.0,0.6011163198,0.6011163198,0.7971815392499999,0.7971815392499999,0.3498931493709999
328,1,False,True,False,False,False,False,False,False,False,True,False,True,True,False,True,False,False,False,-0.22615717300000007,0.22615717300000004,-0.4376652169999997,0.4376652169999997,-0.1095069534999995,0.1095069534999995,0.10090054749999977,0.3182603460000002,0.3182603460000002,1.0,0.7268813198000004,0.7268813198000004,0.33447153924999995,0.33447153924999995,0.531548149371
115,1,False,True,False,False,False,False,False,False,False,True,False,True,True,False,True,False,False,False,0.656572827,0.656572827,0.29607978300000015,0.29607978300000015,-0.003031953499999851,0.003031953499999851,-0.6753544525000006,-0.38693965399999986,0.38693965399999986,1.0,0.8864313198000003,0.8864313198000002,1.0638315392499997,1.0638315392499997,0.3781781493709998
39,1,False,True,False,False,False,False,False,False,False,True,False,True,True,False,True,False,False,False,0.7385128269999999,0.7385128269999999,0.3235247829999994,0.3235247829999994,-0.05083195349999947,0.05083195349999947,-0.8050944525000001,-0.4475646539999998,0.4475646539999998,1.0,0.9428863198000004,0.9428863198000004,1.1551615392499999,1.1551615392499999,0.38756814937100004
168,1,False,True,False,False,False,False,False,False,False,True,False,True,True,False,False,False,True,False,-0.808112173,0.808112173,-0.352095217,0.352095217,-0.08486695349999973,0.08486695349999973,0.7074955474999993,0.17599034599999985,0.17599034599999985,1.0,-0.47906868019999976,0.4790686801999997,0.88098153925,0.88098153925,1.6600131493710002
10,1,False,True,False,False,False,False,False,False,False,True,False,True,True,False,False,False,True,False,2.3527128270000004,2.3527128270000004,0.7479497830000006,0.7479497830000006,0.018848046500000493,0.018848046500000493,-2.3496144525000004,2.5174353459999996,2.5174353459999996,1.0,2.5946563197999994,2.5946563197999994,3.12125153925,3.12125153925,0.7394581493710001
9,1,False,True,False,False,False,False,False,False,False,True,False,True,True,False,False,False,True,False,2.0725378270000006,2.0725378270000006,0.391334783,0.391334783,-0.6208369534999996,0.6208369534999996,-2.7091244525000007,1.850995346,1.850995346,0.9999999999999999,2.3910313198000006,2.3910313198000006,2.8110165392499997,2.8110165392499997,0.7093981493709994
7,1,False,True,False,False,False,False,False,False,False,True,False,True,True,False,False,False,True,False,1.5267828269999997,1.5267828269999997,0.35900478300000005,0.35900478300000005,-0.2545269535000001,0.2545269535000001,-1.7970594525000005,-0.05480965400000004,0.05480965400000004,0.9999999999999998,1.9236763198000002,1.9236763198000002,2.31627653925,2.31627653925,0.7604131493710002
47,1,False,True,False,False,False,False,False,False,False,True,False,True,True,False,False,False,False,True,1.810102827,1.810102827,0.6772647829999996,0.6772647829999996,-0.07355195349999999,0.07355195349999999,-1.8994044525000007,-1.1900576539999999,1.1900576539999999,1.0,1.6228563198000001,1.6228563198000003,1.48012153925,1.4801215392499998,-0.3590618506290001
35,1,False,True,False,False,False,False,False,False,False,True,False,True,True,False,False,False,False,True,1.974797827,1.974797827,0.677464783,0.677464783,-0.010496953499999684,0.010496953499999684,-2.0010444525000004,0.44403534600000016,0.44403534600000016,0.9999999999999999,1.8463013198000002,1.8463013198000002,1.4424565392500004,1.4424565392500002,-0.5614218506289997
228,1,False,True,False,False,False,False,False,False,False,True,False,False,False,True,False,True,False,False,-0.09618717300000013,0.09618717300000013,-0.20814521699999977,0.20814521699999977,-0.2806969534999997,0.2806969534999997,-0.20025945250000055,0.05308534600000003,0.05308534600000003,1.0,-0.3614936801999997,0.3614936801999997,0.008986539249999925,0.008986539249999925,0.07609314937100009
107,1,False,True,False,False,False,False,False,False,False,True,False,False,False,True,False,True,False,False,0.5375578269999999,0.5375578269999999,0.5247947830000004,0.5247947830000004,0.0447880464999999,0.0447880464999999,-0.5085194525000007,-0.47313965400000013,0.47313965400000013,1.0,0.5295213198000002,0.5295213198000002,0.37958153925000016,0.37958153925000016,-0.18705685062899968
3,1,False,True,False,False,False,False,False,False,False,True,False,False,False,True,False,True,False,False,-0.05885717300000005,0.05885717300000004,-0.10643021700000022,0.10643021700000022,-0.2996819534999995,0.2996819534999995,-0.2565744525000002,-0.24382465399999997,0.24382465399999997,1.0,0.18669131979999998,0.18669131979999998,0.04030653924999994,0.04030653924999994,0.07008314937100002
288,1,False,True,False,False,False,False,False,False,False,True,False,False,False,False,False,True,False,False,0.3289228270000002,0.3289228270000002,0.32983978300000016,0.32983978300000016,-0.010466953499999931,0.010466953499999931,-0.3551394525000009,-0.33033965399999987,0.33033965399999987,0.9999999999999999,0.8673863198000005,0.8673863198000005,0.11534653924999994,0.11534653924999994,-0.24265685062900022
251,1,False,True,False,False,False,False,False,False,False,True,False,False,False,False,False,True,False,False,0.5248478270000001,0.5248478270000001,0.30133978299999997,0.30133978299999997,-0.11348695349999982,0.11348695349999982,-0.6540844525000007,-0.5359096539999999,0.5359096539999999,1.0,0.6595113198,0.6595113198,0.6525765392500001,0.65257653925,0.09864814937099997
94,1,False,True,False,False,False,False,False,False,False,True,False,False,False,False,False,True,False,False,1.165637827,1.165637827,0.7032447830000002,0.7032447830000002,-0.0020019534999997646,0.0020019534999997646,-1.1833894525000006,-1.288447154,1.288447154,0.9999999999999999,1.1791963198,1.1791963198,1.3461515392499999,1.34615153925,0.15143314937100005
25,1,False,True,False,False,False,False,False,False,False,True,False,False,False,False,False,True,False,False,2.3282878270000005,2.3282878270000005,0.6795347830000007,0.6795347830000007,-0.1703519535,0.1703519535,-2.514389452500001,2.237555346,2.237555346,0.9999999999999999,2.3194413198,2.3194413198,2.34601153925,2.34601153925,-0.01135685062900016
326,1,False,True,False,False,False,False,False,False,False,True,False,False,False,False,False,False,False,False,2.583862827,2.583862827,0.9357197830000001,0.9357197830000001,0.13911804650000015,0.13911804650000015,-2.4604944525000003,2.570185346,2.570185346,1.0,2.8208163197999996,2.8208163197999996,3.2194465392500007,3.2194465392500007,0.606503149371001
315,1,False,True,False,False,False,False,False,False,False,True,False,False,False,False,False,False,False,False,0.41441782700000007,0.41441782700000007,0.06513978299999978,0.06513978299999978,-0.29227695349999916,0.29227695349999916,-0.7224444525,-0.207799654,0.207799654,1.0,0.5391513198000002,0.5391513198000002,0.73416153925,0.73416153925,0.290663149371
185,1,False,True,False,False,False,False,False,False,False,True,False,False,False,False,False,False,False,False,1.0497628270000001,1.0497628270000001,0.3648897830000002,0.3648897830000002,-0.08947695349999929,0.08947695349999929,-1.1549894525000002,-0.4750696539999999,0.4750696539999999,0.9999999999999999,1.0816963198000002,1.0816963198000002,1.3975615392499998,1.3975615392499998,0.31871814937099974
71,1,False,True,False,False,False,False,False,False,False,True,False,False,False,False,False,False,False,False,1.839837827,1.839837827,0.7537297830000003,0.7537297830000003,-0.1318419534999995,0.1318419534999995,-1.9874294525000002,-1.036114654,1.036114654,1.0,2.0979813198,2.0979813198,2.35396653925,2.35396653925,0.48504814937100005
65,1,False,True,False,False,False,False,False,False,False,True,False,False,False,False,False,False,False,False,2.6619528269999995,2.6619528269999995,0.9488047830000004,0.9488047830000004,0.06604304649999992,0.06604304649999992,-2.6116594525,2.2669203460000005,2.2669203460000005,1.0,2.8481663198,2.8481663198,3.1534165392499993,3.1534165392499993,0.4623831493710001
56,1,False,True,False,False,False,False,False,False,False,True,False,False,False,False,False,False,False,False,2.650227827,2.650227827,0.9359247830000004,0.9359247830000004,0.08790804649999995,0.08790804649999995,-2.5780694525000007,2.3928603460000004,2.3928603460000004,1.0,2.8497763198,2.8497763198,3.18213653925,3.18213653925,0.5028281493710002
53,1,False,True,False,False,False,False,False,False,False,True,False,False,False,False,False,False,False,False,2.6301378269999995,2.6301378269999995,0.9352747830000001,0.9352747830000001,0.07800804649999993,0.07800804649999993,-2.5678794525,2.3701753459999995,2.3701753459999995,1.0,2.8462113198,2.8462113198,3.1392165392500004,3.1392165392500004,0.47999814937100116
38,1,False,True,False,False,False,False,False,False,False,True,False,False,False,False,False,False,False,False,2.509302827,2.509302827,0.8802697829999996,0.8802697829999997,0.10342804650000037,0.10342804650000037,-2.4216244525,2.4895153460000006,2.4895153460000006,1.0,2.5260013197999998,2.5260013197999998,2.79041153925,2.79041153925,0.25202814937100027
31,1,False,True,False,False,False,False,False,False,False,True,False,False,False,False,False,False,False,False,0.5261428269999999,0.5261428269999999,0.3926647830000003,0.3926647830000003,-0.10823195349999981,0.10823195349999981,-0.6501244525000005,-0.499829654,0.499829654,1.0,1.0473513198000002,1.0473513198000002,0.8156015392499997,0.8156015392499998,0.2603781493709999
16,1,False,True,False,False,False,False,False,False,False,True,False,False,False,False,False,False,False,False,1.3493978270000002,1.349397827,0.5538947830000001,0.5538947830000001,0.044113046500000586,0.044113046500000586,-1.3210344525000002,-0.6232546539999999,0.6232546539999999,1.0,1.4182663198000003,1.4182663198000003,1.74190153925,1.7419015392499997,0.36342314937099973
15,1,False,True,False,False,False,False,False,False,False,True,False,False,False,False,False,False,False,False,1.2332828269999998,1.2332828269999998,0.5227047829999996,0.5227047829999996,-0.04493695349999971,0.04493695349999971,-1.2939694525000003,-0.6580096539999998,0.6580096539999998,1.0,1.6703363198,1.6703363198,1.8549615392499996,1.8549615392499996,0.5925981493709999
274,2,False,False,True,False,True,False,True,False,True,False,False,False,True,False,True,False,False,False,0.8315830845013404,0.8883928269999999,-1.0040370097990639,1.2380252170000001,-1.7454773336590312,1.9179719535,-2.590203522815244,2.2530443694705298,2.5535903459999996,-0.8044230338791379,0.9762034335335731,1.0166963198000003,1.2750750138929463,1.30684653925,0.42501549991922416
246,6,False,False,True,False,True,False,True,False,True,False,False,False,True,False,True,False,False,False,0.6678167215375292,2.17788,-0.7697345805988633,2.171205217,-1.1727068604932287,2.2230769534999997,-2.3117350326447657,1.0247276014773465,2.5904199999999995,0.6068609212314429,1.030736726955569,2.0129550000000003,1.2929314299910528,1.7193599999999998,0.38127495546357293
220,3,False,False,True,False,True,False,True,False,True,False,False,False,True,False,True,False,False,False,0.19955562331744506,0.9377900000000001,-1.5327893907786356,2.262160217,-2.2897063251933893,2.6317569535,-2.4183720375878073,2.0666562068404772,2.5044353460000006,0.3900971682122405,0.10475577642897543,0.7809200000000001,0.8739205581917121,1.22501153925,0.5382775215409716
197,4,False,False,True,False,True,False,True,False,True,False,False,False,True,False,True,False,False,False,0.6402307233977602,1.26806,-1.1214351502608653,2.302890217,-1.8446228570079273,1.8948969535,-2.4846043525048427,2.3293662061197637,2.918275346,0.44105975800772884,0.7857316286043079,1.2774099999999997,1.1997536824471748,1.21455153925,0.5159171515718544
296,3,False,False,True,False,True,False,True,False,False,False,True,False,True,False,True,False,False,False,0.6630687750556217,1.5087549999999998,-0.3426840436845978,1.355565217,-0.2821280690230872,0.3478619534999998,-0.8638855388988474,0.6225896551440652,1.2962903460000001,0.20536788153134328,1.0289048637877924,1.4023450000000004,1.3238287672274143,1.4346165392499999,0.38557916554330235
273,3,False,False,True,False,True,False,True,False,False,False,True,False,True,False,True,False,False,False,-0.40344954538136857,0.8946449999999999,-0.919248716372058,1.5613552169999996,-0.21320044168536442,0.24480695350000037,0.20107063228834962,0.8732826211404551,1.2130853460000002,0.41124996542273135,-0.5331218997244016,0.7603086801999999,0.02432349494736235,0.60172,0.46037573260079145
248,3,False,False,True,False,True,False,True,False,False,False,True,False,True,False,True,False,False,False,0.11319368799738962,0.573375,-0.6070480866047181,1.767420217,-0.8293666982661135,1.3570069535,-1.0624820266821902,0.15020575926331164,0.913815,-0.20901156500882564,0.19222297029916965,0.7880699999999996,0.6674215880014213,0.84112153925,0.5594928295957975
149,5,False,False,True,False,True,False,True,False,False,False,True,False,True,False,True,False,False,False,0.29003610511500627,1.1034200000000003,-0.7615951009892681,1.7087052169999999,-0.3019391780781533,0.5274969535,-0.6563232434134613,0.747033002939658,1.653405346,-0.2967325195647226,0.36986340937085893,1.42502,0.9163498429796906,1.1139665392499998,0.6393410529452882
127,2,False,False,True,False,True,False,True,False,False,False,True,False,True,False,True,False,False,False,0.29025878753726825,0.6315799999999998,-0.7564069304903804,0.9660252169999999,-0.186170592246936,0.25115195349999997,-0.47156404108874317,0.677992784907115,0.9543303460000003,-0.5901679547868744,0.44744838737558257,1.2104799999999998,0.8881617153786968,1.24291,0.3731271904017874
79,4,False,False,True,False,True,False,True,False,False,False,True,False,True,False,True,False,False,False,1.128085247239434,1.3720578269999997,-0.020808075464127402,0.7121,-0.14084298827431224,0.3074369534999999,-1.2704974624339205,0.2781171783294763,0.68024,0.4493062300350668,1.389898479821839,1.6933113198000003,1.6537161747585456,2.15110153925,0.4473900700911102
291,3,False,False,True,False,True,False,True,False,False,False,True,False,True,False,False,False,True,False,1.222642641752623,1.5341578269999998,-0.16807772227604548,0.7795650000000003,-0.12499669778731785,0.21644500000000022,-1.4233610817176754,0.6324665077083759,0.9531400000000003,0.11294262742838222,1.6346170928381227,1.9096363198000001,1.7726098688359655,2.47038153925,0.6914164852544407
193,2,False,False,True,False,False,True,True,False,False,False,True,False,False,False,False,True,False,False,0.45523753872068234,0.507572827,-0.42941455430284,1.254955217,-0.31393728359982453,0.38657695349999965,-0.7424486864895423,1.0520629875002228,1.569800346,-0.7905085576259095,0.6318978164720808,0.6502063198000001,0.35365463028324867,0.40969653925000005,-0.10263591703227212
160,4,False,False,True,False,False,True,True,False,False,False,True,False,False,False,False,True,False,False,-0.31896623682520786,0.9585250000000001,-0.16207613806083682,1.2841650000000002,-0.035601314313618175,0.08219499999999957,0.2889207087555777,0.14784329007731406,0.8844349999999999,-0.24887624380209952,-0.6336774833444814,0.8467875,-0.22121557449387652,0.33339846075,0.05807551885257645
245,2,False,False,True,False,False,False,False,False,False,True,False,True,True,False,False,False,True,False,-0.375299534903139,0.422257173,-0.9533743061857293,1.0069452169999997,-0.20954956881367487,0.25663195350000034,0.16335287735405185,0.6887354806452085,0.863955346,0.9778585952360433,-0.25205254794685905,0.6942200000000001,0.3563054175457107,0.7669465392500001,0.6913748061447347
69,3,False,False,True,False,False,False,False,False,False,True,False,True,True,False,False,False,False,True,0.8672620328658563,1.6243049999999997,0.3894075881204098,0.6805047829999995,-0.09450396105826804,0.1549119535000001,-0.9253048624333056,-0.29058959824248237,1.3936211539999999,0.8360522296633233,0.8349124169716575,1.1628900000000004,0.36982568660803117,1.0885949999999998,-0.33721526149714587
191,2,False,False,True,False,False,False,False,False,False,True,False,False,False,True,False,False,False,False,-0.5205577919749058,0.7083071730000001,-1.1899539483204233,1.4290752169999998,-0.10130033461672269,0.12700695349999958,0.38944079506892,1.0601867875582787,1.068385346,0.9438519713573849,-0.5034055106086145,0.5512636801999999,0.1547861813195376,0.16319153925000007,0.651491934766171
101,3,False,False,True,False,False,False,False,False,False,True,False,False,False,False,False,False,False,False,0.7643387053094085,1.0999178270000003,0.35955771735612235,0.5427597830000006,-0.02742258012236818,0.05609695349999999,-0.8060659463113989,-0.3996585107823144,0.7627046539999998,0.7592828298479999,0.9252358076735938,1.1840313197999999,1.2168834962544934,1.55677653925,0.32312804817867136
161,5,False,False,True,False,False,False,False,False,False,False,False,True,True,False,True,False,False,False,0.5601747136136258,1.42177,0.019569932642377653,2.1167,-0.17083003014236717,0.47757999999999967,-0.6745643552124017,0.1541293580496497,2.5342689999999997,0.5980395326436592,0.7392462266862332,1.9933,1.2158245103362222,1.776975,0.4621284546708932
125,3,False,False,True,False,False,False,False,False,False,False,False,True,True,False,True,False,False,False,0.5000378172437084,1.12912,-0.49427256271410613,0.996710217,-0.2759201970595553,0.3727469534999992,-0.8091214150078332,0.5076147341510987,1.1378949999999999,0.5816080148474142,0.7418838578221741,1.15306,1.2175360676108498,1.7022015392499998,0.6362549284320254
74,3,False,False,True,False,False,False,False,False,False,False,False,True,True,False,True,False,False,False,0.03336777694608966,0.996275,-0.645206698812797,2.29867,-0.2175011341012514,2.436910000000001,-0.7458033736247452,0.33311352528942373,1.533060346,0.6957193398135973,0.08018174911564735,0.9868500000000004,0.37208050186143704,0.6413365392500001,0.422402692832523
293,5,False,False,True,False,False,False,False,False,False,False,False,False,False,False,False,True,False,False,0.549142829568341,1.7283949999999997,-0.37422256728893155,2.324695217,-0.3949630728967046,1.0757969534999998,-0.6911568487731857,0.6278782207655156,2.0180203459999997,0.6697619433932717,0.7598312053900258,2.104125,0.9867979259104624,1.5896949999999999,0.23657550958031445
73,3,False,False,True,False,False,False,False,False,False,False,False,False,False,False,False,True,False,False,0.605348959099105,1.761275,-0.9826379019496665,1.2198099999999998,-0.4123692659442764,0.7867669534999999,-1.1016305989524153,1.0817588607877506,2.4612653460000007,0.6165880067990968,1.4061571720121746,2.3708299999999998,0.9623353813433335,2.089335,0.2123233535858926
126,4,False,False,True,False,False,False,False,False,False,False,False,False,False,False,False,False,False,False,0.2952008770485752,0.8109550000000001,0.38236030301426094,0.5754600000000005,-0.00038047201636179313,0.2966449999999998,-0.4356781313035501,-0.34266339182841565,0.7556046539999999,0.7413723934371711,0.770557793687844,1.5644549999999997,0.5421220335493907,0.7242765392499999,0.2960327131745169
76,4,False,False,True,False,False,False,False,False,False,False,False,False,False,False,False,False,False,False,1.2981731338487144,2.024902827,-0.03316993464064047,0.9282449999999995,-0.2658885388475484,0.6434100000000003,-1.5491403295160724,0.34077181794267725,1.1029203459999999,0.5175113738294083,1.4101315281271438,2.4018863198,1.6867102235683302,2.3939515392499997,0.30670979511254803
345,3,False,False,False,True,True,False,True,False,True,False,False,False,True,False,True,False,False,False,0.8631666476497047,3.1690449999999997,0.39693215392309095,3.464805,-0.13514353142902064,3.18094,-1.808308380247016,-0.0870549267922984,2.4497400000000003,0.7594215219793543,1.9559652384577775,3.4059250000000003,2.4205442151151537,3.12574,0.3999255626315565
352,2,False,False,False,True,False,True,True,False,False,False,True,False,False,True,False,True,False,False,-0.08463412938291087,1.38724,0.132471233955369,0.2749550000000003,-0.0726422534725246,0.3925850000000004,-0.24852034422021327,-0.1740934451357231,0.1899746539999998,-0.8932939905560514,-0.311582938648517,0.49615368019999995,-0.15739275745127115,0.560235,-0.06066105815053206
351,3,False,False,False,True,False,True,True,False,False,False,True,False,False,True,False,True,False,False,0.4453841490071659,0.69414,-0.020171836656649293,0.1278299999999999,-0.2030743611256058,0.5106569534999998,-0.6298892189066057,-0.1468067085842057,0.5712200000000001,0.2147323922779809,0.09108584913676243,0.36165499999999984,0.20980289319987677,0.6142049999999999,-0.1623709445527648
354,3,False,False,False,True,False,True,True,False,False,False,True,False,False,False,False,True,False,False,-0.12949189694591237,0.6796549999999999,-0.05111948583072706,0.15254999999999974,-0.040627497775398105,0.35958000000000023,0.11476233378820316,0.05525088907776042,0.1880999999999997,-0.1776228224371308,-0.501727001167155,0.6077286801999997,0.14338024110060302,0.7401650000000002,0.09478804429497098
347,5,False,False,False,True,False,True,True,False,False,False,True,False,False,False,False,True,False,False,0.12431417078082613,0.5745450000000001,0.047368222463569205,0.6815349999999993,-0.04423340028771452,0.41739000000000015,-0.16920134458361594,-0.06045430619842697,0.5395399999999997,0.3830244529517094,0.2804255764283829,0.7662800000000001,0.2919017428784857,0.97544653925,0.15220484363569778
342,3,False,False,False,True,False,False,False,True,False,False,False,True,True,False,True,False,False,False,0.41640760508676894,0.46969282700000003,0.12208273941134533,0.20415978300000015,0.04516700656686837,0.06667804650000075,-0.3495934633311354,-0.12673585127849862,0.16868965400000002,0.411290037917408,0.615491399536984,0.6751713198,0.8685068680112139,0.9403665392500002,0.4099471234633146
355,2,False,False,False,True,False,False,False,True,False,False,False,False,False,False,False,True,False,False,0.22698838528371937,0.7327250000000001,0.08271190813787024,0.09536478299999995,-0.13856711641053085,0.15554695350000003,-0.36085708276979933,-0.17082514980520921,0.21153465399999982,0.3391270879501022,0.9020033403296165,1.3912300000000002,0.2720887609182242,0.7020849999999998,0.12465750672241806
349,4,False,False,False,True,False,False,False,True,False,False,False,False,False,False,False,True,False,False,0.38693521580807816,0.583432827,-0.037889808907118405,0.11095500000000014,-0.03522980636446592,0.21890000000000054,-0.4412075457224155,0.01724191882923206,0.18049999999999944,0.05699346434986571,0.4326572899792458,0.914855,0.4904304653439346,0.6773915392499998,0.0660527101290394
341,3,False,False,False,True,False,False,False,True,False,False,False,False,False,False,False,True,False,False,-0.07072432302089979,0.2615200000000002,-0.01980054147002922,0.0684800000000001,-0.11717131921032163,0.21260195349999922,-0.0905140149132432,-0.11789182977696885,0.30015500000000017,-0.7478469706136838,-0.22769971598035232,0.4974186802,0.05833149362718049,0.8823849999999998,0.08188150304420613
343,2,False,False,False,True,False,False,False,True,False,False,False,False,False,False,False,False,False,False,0.4137313496992604,0.6511128270000002,0.05292555756062313,0.14568478299999965,-0.0622596631121042,0.09841695350000013,-0.5880559767639008,-0.05221314892899745,0.08651465400000014,0.9858248408832976,0.5730803417891013,0.6809213198000004,0.7431325198858166,0.9685515392499999,0.30026737887699717
359,3,False,False,False,True,False,False,False,False,False,True,False,True,True,False,False,False,False,True,0.773375767589767,1.9396328269999998,0.1253747584662031,0.5443950000000006,-0.10800307055430614,0.23472695350000006,-0.9753605992720494,-0.11579108781399912,2.1155,0.9753642790746884,0.5751751989741275,2.4699500000000003,0.08765901423861058,0.9147399999999999,-0.6144574709613783
344,2,False,False,False,True,False,False,False,False,False,True,False,False,False,False,False,True,False,False,0.2099857174278359,0.8435950000000001,-0.13868482596788828,0.40041999999999955,-0.05302443187189016,0.07633195349999955,-0.09082653304715056,0.08545240787238208,0.32460999999999984,0.8198459622260383,-0.46526377810186403,0.6251186801999999,-0.023846721047457733,0.31712000000000007,-0.19537204133731412
348,3,False,False,False,True,False,False,False,False,False,True,False,False,False,False,False,False,False,False,0.04645479325750646,0.6956999999999995,0.03786624126194012,0.6316150000000005,-0.10237587859868325,0.14296195349999952,-0.1804489259304282,-0.0820753949567494,0.5889150000000001,0.9820209345950139,0.214848846468145,1.3095149999999998,0.35922369749207694,1.0820300000000005,0.27479903199271366
358,5,False,False,False,True,False,False,False,False,False,False,False,False,False,True,False,True,False,False,0.10241676131716373,0.6722449999999998,-0.09959146809790483,0.3716649999999997,-0.1414663621870545,0.3276419534999997,-0.2933791726224148,-0.03161171360834097,0.4659200000000001,0.5669577687655256,-0.1264466557941459,0.491795,0.002927882584423409,0.133305,-0.1073345059708402
350,2,False,False,False,True,False,False,False,False,False,False,False,False,False,True,False,True,False,False,-0.12303738380425702,0.13042717299999995,-0.16624273718977248,0.4883152169999998,-0.14869428869091839,0.2959069534999994,-0.015256541585640588,0.16659008490995372,0.4143753459999999,0.7194165643867153,-0.3105193083300068,0.3108136801999999,0.16171651349838695,0.5555650000000001,0.20952322285538336
357,3,False,False,False,True,False,False,False,False,False,False,False,False,False,True,False,False,False,False,-0.34296457039718947,0.5432271730000002,0.024478939394783066,0.40719999999999956,-0.3765030606428086,0.5212869534999998,-0.04255871588455634,-0.30949152103203414,0.35889465399999976,0.5639399877474303,-0.44764009722648973,0.5023736801999998,0.10988598292500573,0.15030153925,0.4214263569659683
275,3,False,False,False,False,True,False,True,False,True,False,False,False,True,False,True,False,False,False,0.3022386659970023,1.033245,-1.0851277879996126,1.1430752169999998,-1.408867623342142,1.7062369534999995,-1.7786406329665003,-0.05203292127433304,1.9689649999999996,-0.41824153464644104,0.35731840417383737,0.97037,0.6439845289141501,0.9071565392499998,0.3666141994500427
247,3,False,False,False,False,True,False,True,False,True,False,False,False,True,False,True,False,False,False,1.029836628645824,1.4320228269999997,-0.46465810740352786,1.372285217,-1.1769648686506298,1.7225419534999995,-2.3806962461844403,2.1060425324082024,2.582430346,-0.10167003906029151,1.5066822053589468,1.6857913198000003,1.641789228044792,2.01765153925,0.51445868205292
337,2,False,False,False,False,True,False,True,False,False,False,True,False,True,True,False,False,False,True,0.49371075717951296,0.6178400000000002,-0.09438061826834471,0.2869702169999999,-0.07693774721018488,0.1384919535,-0.556118211281929,0.17300930522182778,0.1968003460000003,0.37100371539673815,-0.06792120638995666,0.5384249999999999,0.05537383706659033,0.060851539249999975,-0.344072399425723
327,3,False,False,False,False,True,False,True,False,False,False,True,False,True,False,True,False,False,False,0.08281379188775642,0.7363499999999998,0.1833936148590298,0.40117000000000047,-0.08934124819759236,0.15212695349999894,-0.21836612163519795,-0.30544582035402074,0.47936999999999985,-0.7875962303375408,0.6568293842207339,1.1866349999999999,0.7562314954776453,1.3282115392499998,0.5614150845857285
254,5,False,False,False,False,True,False,True,False,False,False,True,False,True,False,True,False,False,False,0.6691121271807621,1.0258049999999996,0.2602338862243516,0.35990478299999973,-0.039051149580812704,0.1762700000000006,-0.5936477554155246,-0.3322613371914386,0.38152965399999994,-0.10125195362134544,0.6571282896044658,1.0810099999999998,1.0801088731874815,2.21449,0.37847874124957753
239,4,False,False,False,False,True,False,True,False,False,False,True,False,True,False,True,False,False,False,0.030746133158241477,0.40410499999999994,0.05701558280994216,0.3109297830000002,-0.0855007510437553,0.27074,-0.2119896141616915,-0.1518897076510316,0.3358546539999998,-0.38301227155121337,0.5684977712833289,0.9880400000000003,0.4304016855977486,0.9215949999999997,0.3846826565065157
196,4,False,False,False,False,True,False,True,False,False,False,True,False,True,False,True,False,False,False,0.46867970876702764,0.8842450000000004,-0.2787878291123471,0.8484049999999996,-0.15689864411962012,0.2036219534999999,-0.8030642649340458,0.2923525078823332,0.8865449999999997,-0.18313579785569306,0.8879763515298748,1.0527763198,1.282756790597194,1.56949153925,0.6627962711195569
164,3,False,False,False,False,True,False,True,False,False,False,True,False,True,False,True,False,False,False,-0.1989030872525869,0.6026150000000001,-0.19201991770044907,0.49151999999999996,-0.08311205968487934,0.27623195349999996,0.08808381133447024,0.08385391211357819,0.5140149999999999,-0.6444053417586623,0.3565200570730445,0.6301749999999999,0.46539023372713567,0.7104265392500002,0.5930586412918178
144,5,False,False,False,False,True,False,True,False,False,False,True,False,True,False,True,False,False,False,0.07613862384621374,0.6904550000000003,-0.04045475679773616,0.9765300000000003,-0.09839723526135455,0.28636195349999927,-0.21160488441720787,0.007062758786255989,1.4069949999999998,0.17922121559470844,0.31907121824821605,0.7768599999999997,0.7536281617907249,1.70015653925,0.5151633950591274
108,3,False,False,False,False,True,False,True,False,False,False,True,False,True,False,True,False,False,False,0.41184122828646186,0.8095300000000001,0.06498236781442587,0.32252499999999973,-0.03993330884356333,0.0637369535000003,-0.4306400470878946,-0.15429104386376044,0.43154499999999985,0.19725484598116172,0.9078379089928742,0.9583413198000001,0.9780295114146891,1.11383153925,0.5391281473533092
26,3,False,False,False,False,True,False,True,False,False,False,True,False,True,False,True,False,False,False,-0.37999006645476807,0.499877173,-0.11329121314121747,0.5610249999999999,-0.06220157987079772,0.1688149999999995,0.28860459324715915,-0.015551196135330632,0.34430000000000005,-0.02169031665930364,-0.46490371500336447,0.9186800000000002,0.01643861367553937,0.6754800000000001,0.39185577464093935
8,3,False,False,False,False,True,False,True,False,False,False,True,False,True,False,True,False,False,False,0.03671281015265414,1.28621,0.1579112919453592,0.23000978299999986,-0.17770282420515324,0.5033219534999995,-0.03279634873739175,-0.20218103351303918,0.877164654,0.4782532724979187,0.9387561565277719,1.2584613198000003,0.7654175714612017,1.14611653925,0.5877549174391196
36,3,False,False,False,False,True,False,True,False,False,False,True,False,True,False,False,False,True,False,0.10013178239250732,0.7646599999999997,0.13391871369414352,0.300875,-0.0026883297201765167,0.08546500000000012,-0.08333057893238972,-0.09144472901398237,0.19743499999999958,-0.5645001221384166,0.27512411753648874,0.6169850000000001,0.7590920263574128,1.04646153925,0.7527992970747743
223,3,False,False,False,False,True,False,True,False,False,False,True,False,True,False,False,False,False,True,0.3035657961725561,0.4162178269999999,-0.127633447913469,0.1800449999999998,-0.0039694591088469695,0.29689999999999994,-0.38838048003355824,0.20470219003063408,0.41244499999999995,0.05281880386899351,-0.3661143218062099,0.7547949999999999,-0.08277133667103058,0.17367846075000015,-0.4250931767103833
206,2,False,False,False,False,True,False,True,False,False,False,True,False,True,False,False,False,False,True,0.38038659512149425,0.5711878269999999,0.20495020688400248,0.4223300000000001,-0.055639567479205884,0.05920195349999968,-0.4527734651261804,-0.28064260663073665,0.44593499999999997,-0.23594541082676188,0.5007170799563565,0.6275863197999998,-0.03527748496200025,0.07020346075000017,-0.41516322405630796
84,5,False,False,False,False,False,True,True,False,True,False,False,False,False,False,False,False,False,False,0.8149861352065909,1.5464,-0.2617149038964809,0.7794050000000006,-0.7378336096615931,1.3113369534999997,-1.8446347050383796,-0.054412503962234716,1.3476275,0.20318741062185927,0.9894973503201592,2.013745,1.1784429952417614,2.22265,0.25102888402030826
80,2,False,False,False,False,False,True,True,False,True,False,False,False,False,False,False,False,False,False,0.5988048258528665,0.729085,-0.8654981449137387,0.9546502169999997,-1.253880327141598,1.4082119534999995,-1.971943617680933,0.014342613564240166,0.5413000000000001,-0.30616782885569066,0.6249893318768808,0.7677500000000004,0.8499265238200531,0.9081565392500002,0.25234636094396157
334,2,False,False,False,False,False,True,True,False,False,False,True,False,False,True,False,True,False,False,0.08605476751377493,0.11534782699999968,-0.009630212966183447,0.1611349999999998,-0.21116074583471364,0.57097,-0.269708149792163,-0.05186634453080099,0.20624999999999982,0.39180537009690924,-0.39716022593144307,0.4201036802,-0.12970515690302853,0.2804699999999998,-0.23753544882370584
332,3,False,False,False,False,False,True,True,False,False,False,True,False,False,True,False,True,False,False,-0.12890878525011784,0.5124399999999998,-0.03773708399579423,0.36735000000000007,-0.04277142089286648,0.12832499999999936,0.016980884926766783,-0.08692314435830459,0.29990000000000006,0.438840774593717,-0.38441065926030166,0.5376836801999998,-0.08198428800243902,0.2652749999999999,-0.05406323692472008
325,5,False,False,False,False,False,True,True,False,False,False,True,False,False,True,False,True,False,False,0.18339579019999586,0.9761899999999999,0.08720022278853568,0.33252499999999996,-0.027979256987040225,0.32002499999999934,-0.23043440843959806,-0.09816388292712533,0.20007965400000005,0.27324276203832515,-0.10574222072915433,0.5159800000000001,0.02411798569597221,0.43003499999999995,-0.04924960957032237
316,3,False,False,False,False,False,True,True,False,False,False,True,False,False,True,False,True,False,False,0.1434134482741818,0.65631,-0.16352455585770587,0.20082500000000003,-0.16054593072785903,0.6295319534999999,-0.44087952052855983,0.05800797264397683,1.0408850000000003,-0.1114562694491766,-0.11976280772948349,0.2784286801999998,0.21242824427760867,0.5348015392500001,-0.0481754855750737
278,5,False,False,False,False,False,True,True,False,False,False,True,False,False,True,False,True,False,False,-0.1899948958793071,0.9145949999999998,-1.0537475582290783,1.4303552170000002,-0.3901917568572323,0.5265569535000001,-0.1945666532312249,0.9757018470111685,1.4369853460000002,-0.0020483684382442396,-0.4649170355665495,0.5842186801999998,0.00882550490883204,0.3443649999999998,0.1619878844974895
264,2,False,False,False,False,False,True,True,False,False,False,True,False,False,True,False,True,False,False,0.01596973612786429,0.37485999999999997,0.3202723975810133,0.5464897829999997,0.035323008690162146,0.04228304650000059,0.016238136761141563,-0.29540199553689994,0.46384465399999986,-0.6947373151171946,0.30296056680038314,0.5348499999999996,0.12176312491413778,0.13404153925000006,0.058589744015023815
261,2,False,False,False,False,False,True,True,False,False,False,True,False,False,True,False,True,False,False,0.07069448527096653,0.37149999999999994,0.10859973165148297,0.4687047830000002,0.026371795086496567,0.04432804649999955,-0.08047602172841228,-0.11297330146238119,0.3917246539999999,-0.840912398065973,-0.15876118038389456,0.19953368019999984,0.1320657801374151,0.18778653924999977,-0.007660123632808023
219,3,False,False,False,False,False,True,True,False,False,False,True,False,False,True,False,True,False,False,-0.12703850352502677,0.31750000000000034,-0.14914818540698735,0.4589100000000004,-0.038008123288808086,0.14369999999999994,0.05827696077942433,0.1423932218508285,0.6466400000000001,0.05744147785104455,-0.4474606367198619,0.5567736801999998,-0.10494238281778262,0.17621846074999992,-0.03442802849124306
211,3,False,False,False,False,False,True,True,False,False,False,True,False,False,True,False,True,False,False,-0.17616028711603768,0.39135717300000006,-0.03648135686511991,0.2841750000000003,-0.08386591662967711,0.2226669535000001,0.044494650544176485,0.02313881830385816,0.31239999999999957,-0.8634726447078894,-0.4699419834572065,0.5340186802,-0.13240783306219775,0.314435,-0.01002377402120227
204,2,False,False,False,False,False,True,True,False,False,False,True,False,False,True,False,True,False,False,-0.38834691151171874,0.5710671730000001,-0.021681052829693393,0.2881600000000004,-0.0438124985235114,0.11783500000000036,0.28800980249498565,-0.06558892740911614,0.30477,-0.6684211881282678,-0.5349722038968535,0.5495336801999997,-0.17689864337811706,0.3050499999999998,0.18691189342456946
129,4,False,False,False,False,False,True,True,False,False,False,True,False,False,True,False,True,False,False,-0.014301302829139093,0.44855500000000026,-0.28496221242472003,0.37549021699999985,-0.03641574349081235,0.09703000000000017,-0.04140057329792773,0.2814126072803734,0.44644034600000015,-0.20821451107134087,-0.4819741736874789,0.5843786802,-0.05133482722235227,0.2757750000000001,-0.028166310131998794
13,2,False,False,False,False,False,True,True,False,False,False,True,False,False,True,False,True,False,False,0.2597832020393381,0.510432827,-0.022159398495154952,0.4444399999999997,-0.1524599309675467,0.1754919534999999,-0.45247641257507204,-0.14658468736578537,0.5359699999999998,-0.9035651806207874,-0.2538150384196911,0.4276936802,0.09178944365104151,0.09591153924999984,-0.1776324121339716
224,2,False,False,False,False,False,True,True,False,False,False,True,False,False,True,False,False,False,False,-0.2524227543613079,0.36175217299999995,-0.05350418587087478,0.50372,0.01232699261677645,0.015478046500000175,0.2567090213298303,0.09893382578690381,0.33916500000000016,-0.6974753644661098,-0.14181941358906935,0.3124199999999999,0.1407846397468549,0.18035153925000014,0.34444989049256236
339,4,False,False,False,False,False,True,True,False,False,False,True,False,False,False,False,True,False,False,0.4022157693292499,0.6160878270000001,0.17779631832534867,0.4533199999999997,-0.02169644753286846,0.06806000000000001,-0.4374520735299086,-0.15964587938869465,0.5707399999999998,-0.08586038955854404,0.8386235788557731,0.8595863198,0.3645703503019753,0.61033,-0.11502215130402348
333,5,False,False,False,False,False,True,True,False,False,False,True,False,False,False,False,True,False,False,-0.039626183530469365,0.8667349999999998,-0.05292436089573436,0.17657999999999952,-0.07908501167004747,0.4189349999999994,-0.09379313502808492,-0.010435706718493835,0.3138550000000002,0.12704857464307986,-0.2647077400228342,0.8623799999999999,0.15412995049793632,0.4669350000000001,0.13875641088730614
317,3,False,False,False,False,False,True,True,False,False,False,True,False,False,False,False,True,False,False,0.05674176609998261,0.7522150000000001,-0.16436064210697537,0.3245849999999999,-0.08493518346829121,0.09606695350000027,-0.258591670455872,0.05563614622269441,0.43586500000000017,-0.8930309226991597,-0.3963988235229259,0.6652786801999997,0.0019672095036785864,0.28515,0.04295085886634003
314,3,False,False,False,False,False,True,True,False,False,False,True,False,False,False,False,True,False,False,0.2993907583380332,0.6146049999999996,0.15841378536047027,0.5831397829999996,-0.016480196682187503,0.09324499999999958,-0.3649699518787783,-0.12052934124427878,1.00446,-0.633208479329032,0.38136940804823166,0.5046513197999998,0.528409985173795,0.8459615392500002,0.06576345260493639
313,4,False,False,False,False,False,True,True,False,False,False,True,False,False,False,False,True,False,False,-0.1039816167708864,0.6977549999999999,-0.0480142370858419,0.45663000000000054,0.010389150592750548,0.1395299999999997,0.03719348306432745,0.013354469277713134,0.49890999999999996,0.3321261952162073,-0.3687352883725276,0.7790249999999996,-0.09832103291412445,0.7794350000000001,-0.04923800797887724
311,5,False,False,False,False,False,True,True,False,False,False,True,False,False,False,False,True,False,False,0.1798964273531025,0.42873782699999974,0.03661996986816834,0.6032150000000005,-0.16324119881708637,0.6201419535000001,-0.3335893896289932,-0.10345472491133847,0.38216965400000014,0.05533602623343891,-0.044773800897703685,0.6607099999999999,0.16409812166111803,0.8473400000000002,-0.020038470036056508
306,3,False,False,False,False,False,True,True,False,False,False,True,False,False,False,False,True,False,False,-0.3132439550597942,0.7472821730000001,0.10551152706944703,0.47922499999999957,-0.027059178620353477,0.2406100000000002,0.24902994421595553,-0.22455039374609317,0.5033700000000003,-0.8664762090797106,-0.49842871153956075,0.6274086801999998,-0.11350451738090452,0.5057449999999999,0.08247807827684892
302,3,False,False,False,False,False,True,True,False,False,False,True,False,False,False,False,True,False,False,-0.03833169627893237,0.7136849999999999,-0.29933334970438147,0.6699752169999997,-0.1065655416621696,0.18957195349999978,-0.10579594916902108,0.2169336410493817,0.64848,0.12725490973562237,-0.04681633462379521,0.9243950000000001,0.1853185637273877,0.7073949999999996,0.12602402402319354
292,4,False,False,False,False,False,True,True,False,False,False,True,False,False,False,False,True,False,False,0.310342217894038,1.501785,-0.26895378032973716,0.9281052170000001,-0.1221382281694652,0.35635195349999993,-0.41185578486396596,0.3783901207255664,0.995465346,-0.42640662392362705,0.4446430177513556,1.1553449999999996,0.1902423247063496,0.7920215392499999,-0.04066682045720211
290,3,False,False,False,False,False,True,True,False,False,False,True,False,False,False,False,True,False,False,0.03901722786307072,0.18799999999999994,-0.4226047328612566,0.69136,-0.01536130822752372,0.11940000000000062,-0.09280433387115083,0.3795439547286132,0.59904,-0.9075630703078439,-0.2777134922260639,0.8071250000000001,0.4749735457590598,1.5247000000000002,0.14726922516146096
258,3,False,False,False,False,False,True,True,False,False,False,True,False,False,False,False,True,False,False,-0.18863595491753488,0.6358299999999999,0.20164581298608986,0.40124978300000036,-0.03998262767160599,0.2130749999999999,0.03825547286875192,-0.20743316696223385,0.3010546540000001,-0.9343110881791782,-0.24607843174657365,1.3274950000000003,-0.043783412567150376,0.28520999999999996,0.0900726362968939
249,2,False,False,False,False,False,True,True,False,False,False,True,False,False,False,False,True,False,False,1.4349263291479346,1.6453778269999997,-0.278801675402136,0.28429521699999993,-0.2131880710694575,0.32085195350000006,-1.6761407345307544,0.7884702197265063,0.9629403460000003,-0.9679484371748466,1.3937567424462205,1.6619363198000001,1.6346483193084655,1.7616115392499996,0.1812323008258315
241,3,False,False,False,False,False,True,True,False,False,False,True,False,False,False,False,True,False,False,0.33118755033833674,0.4847028269999998,0.14896350978417017,0.29759,-0.012970424963854957,0.14029000000000025,-0.34081157340409973,-0.13137385221999107,0.26743000000000006,0.2592589204994299,0.3719015532031315,0.8671200000000003,0.557854803662098,0.64430653925,0.14209373425215077
229,3,False,False,False,False,False,True,True,False,False,False,True,False,False,False,False,True,False,False,0.1311310189613341,0.918545,-0.025871815871357843,0.37246999999999986,-0.0016017743337872659,0.059154999999999625,-0.21489417031913863,0.035981010559192096,0.3723700000000001,-0.881078342958377,-0.32083334942219366,0.617035,0.029557429325288518,0.34682999999999975,-0.1055997347556168
225,2,False,False,False,False,False,True,True,False,False,False,True,False,False,False,False,True,False,False,0.34863483260945444,0.3856828269999999,-0.5009908128420558,0.767965217,-0.1447014209742758,0.1632219534999999,-0.5102587434180759,0.3073456081602144,0.584230346,-0.6780724897526491,0.2962543170650365,1.2265150000000002,0.19582431189648522,0.23110153925,-0.19942159947773158
218,3,False,False,False,False,False,True,True,False,False,False,True,False,False,False,False,True,False,False,0.9022071935912536,1.834505,-0.40387173086035233,0.6457952169999999,-0.08600216727373966,0.44564000000000004,-1.0001156579045245,0.39798345614250685,0.6133953460000003,-0.049194645234083095,1.0587698989887375,1.6778849999999998,1.4511993607100608,1.670755,0.2358007609060038
212,5,False,False,False,False,False,True,True,False,False,False,True,False,False,False,False,True,False,False,0.3950062665670397,0.8969049999999998,-0.06229503983956381,0.29894,-0.13258325430874007,0.29044195349999935,-0.34500353703424835,-0.11446419542910652,0.6344250000000002,-0.5487469852221727,0.017884730867336846,0.9507599999999998,0.10218974585293755,0.22647499999999998,-0.1446300827953573
210,3,False,False,False,False,False,True,True,False,False,False,True,False,False,False,False,True,False,False,-0.01749099536580688,0.38858499999999996,0.012001198746352252,0.40778500000000006,-0.09443940414675644,0.5459250000000004,-0.07281983040165955,-0.0016173065706650365,0.3000849999999997,0.27435020795567877,-0.48956043432581337,0.6014436801999998,0.1454263196820529,0.6500849999999998,0.14566959616811515
208,6,False,False,False,False,False,True,True,False,False,False,True,False,False,False,False,True,False,False,0.010612501164458289,0.3799300000000001,0.07408051197643002,0.4534250000000002,-0.04257158880322854,0.34036000000000044,-0.08391231288686023,-0.10928474263068091,0.3503949999999998,-0.24602842889572854,0.05576000919031909,0.8193950000000001,0.017030177635718416,0.33342499999999986,0.007296054505069215
189,4,False,False,False,False,False,True,True,False,False,False,True,False,False,False,False,True,False,False,-0.11480529415102997,0.901335,0.06520742093903234,0.3582850000000004,0.03820427453946523,0.24573999999999963,0.03807208218722809,-0.0709332447043974,0.2456649999999998,-0.9596635600827991,-0.22562129965293395,1.13013,0.10647626929840763,1.0530200000000003,0.15825869603564618
186,3,False,False,False,False,False,True,True,False,False,False,True,False,False,False,False,True,False,False,0.34633560922206924,0.41170782699999964,0.05860881218828242,0.41418,-0.008750778627243948,0.147945,-0.36445135943097323,-0.01986213207997092,0.41880000000000006,0.35928237036565397,0.15065615036082688,0.924785,0.40104094169322735,1.1681000000000004,0.20441322493853967
183,3,False,False,False,False,False,True,True,False,False,False,True,False,False,False,False,True,False,False,0.2919474264821843,1.2574,-0.027900961094444676,0.2252200000000002,-0.13169093872640833,0.6589299999999993,-0.622576491644376,-0.08840982214434259,0.29160965399999994,-0.6597228025750212,0.7946055568418616,1.4656650000000002,0.6378487514395709,0.9410465392499998,0.18440162561770412
180,4,False,False,False,False,False,True,True,False,False,False,True,False,False,False,False,True,False,False,-0.14201658887591248,0.5014299999999996,-0.013721012219762543,0.12708500000000011,-0.06371776283972858,0.4711849999999993,-0.002251696051865505,-0.011485431129087653,0.5608599999999999,0.2378409203716208,-0.23450709052852164,1.0448299999999997,0.015161759119347569,1.17389,0.12207361223978408
173,3,False,False,False,False,False,True,True,False,False,False,True,False,False,False,False,True,False,False,-0.1043741153462982,0.29877217300000014,-0.42349463493910044,1.009595,-0.019874943052850584,0.1618599999999999,0.06056119976156158,0.3167398886405555,0.7946899999999999,-0.5072828778074867,-0.05956147624356794,0.17952000000000012,0.06362844087152929,0.7463199999999999,0.17781930742597762
167,2,False,False,False,False,False,True,True,False,False,False,True,False,False,False,False,True,False,False,0.35475597440016476,0.7321650000000002,-0.4326176641787924,0.4502852169999998,0.03777279138440076,0.05050804650000007,-0.2969311034097882,0.39265402109752534,0.4236553459999999,-0.08205303754708732,0.45955517115388905,0.6514550000000003,0.3186219517495602,0.4221015392499998,0.09564475392472592
162,4,False,False,False,False,False,True,True,False,False,False,True,False,False,False,False,True,False,False,0.18395322572056116,0.594455,-0.25270914779760406,0.5902052169999998,-0.004168049372692321,0.11720499999999934,-0.19980915666195223,0.22078025306256768,0.3388953459999997,-0.23472287233501424,-0.010901908869097707,1.178125,-0.023644720835839194,0.7797850000000002,-0.2133771262184349
155,3,False,False,False,False,False,True,True,False,False,False,True,False,False,False,False,True,False,False,-0.30905707605478244,0.5709271730000001,-0.049722505119410614,0.3033950000000001,-0.0009351050610353716,0.06591500000000039,0.29556203899925726,0.033699793625317935,0.40371000000000024,-0.12318607590120155,-0.5861320357545811,0.6809436802,-0.1631124375715989,0.22432346074999998,0.06962935995941762
153,3,False,False,False,False,False,True,True,False,False,False,True,False,False,False,False,True,False,False,-0.02758710162916157,0.42515500000000017,0.06961005351126262,0.2998850000000002,-0.04554698675745861,0.17945999999999973,-0.07300565328858256,-0.09786611315023468,0.5128400000000002,-0.7613932739045502,-0.14116178815321345,0.802435,-0.14294757982155581,0.20593346075000007,-0.11249755888501646
136,3,False,False,False,False,False,True,True,False,False,False,True,False,False,False,False,True,False,False,0.6635079544791203,0.946292827,0.11314883449344246,0.5641150000000001,-0.12927524677796082,0.4433500000000006,-0.8157869094546927,-0.22675729931063027,0.5647949999999997,0.01017912508784362,0.5534381503423181,0.6355463198000004,0.40024444539628024,0.9118715392499999,-0.20444796791290604
135,3,False,False,False,False,False,True,True,False,False,False,True,False,False,False,False,True,False,False,0.4364158393729251,0.47160282699999967,0.07131453826562957,0.3117599999999996,-0.09673109714607882,0.4306800000000006,-0.4353457253366492,-0.1447923493866837,0.2404246539999999,0.057074903413871884,0.5888596301273189,0.6149913198000001,0.6566719031584268,0.8450550000000001,0.18804146712226807
131,2,False,False,False,False,False,True,True,False,False,False,True,False,False,False,False,True,False,False,-0.03990151831822596,0.1150850000000001,0.08046394376435892,0.31708999999999943,-0.11300680210680036,0.28647695350000024,-0.0638231146632236,-0.12500398534246213,0.14468465399999997,-0.9411700068285233,-0.28932628932354565,0.3624686801999999,0.14600112122802808,0.90219,0.13540423605838994
117,3,False,False,False,False,False,True,True,False,False,False,True,False,False,False,False,True,False,False,0.029711206027209044,0.41368000000000027,-0.21464849653358947,0.6445752169999999,-0.15642267266341417,0.2158969534999997,-0.23799900588061074,0.19395156930864418,0.6976250000000004,-0.691957137096709,0.40556651784828346,1.19691,0.18953887668109476,0.619575,0.12835740438469498
109,3,False,False,False,False,False,True,True,False,False,False,True,False,False,False,False,True,False,False,0.024314676116653854,0.17235999999999985,0.04038145105730556,0.4629700000000003,-0.0073687238099882525,0.06644000000000005,-0.06350055843189978,-0.043139763620655,0.3631800000000003,-0.2590852445462809,-0.04554359556801869,1.1697449999999998,0.12341895310552847,1.17083,0.18216730915002233
102,3,False,False,False,False,False,True,True,False,False,False,True,False,False,False,False,True,False,False,0.20904736214861397,0.7029349999999996,0.3445679139598949,0.6389097830000003,-0.2106907813512985,0.36692695350000015,-0.5157487125896865,-0.6395980703991544,0.9362796539999998,-0.6668445602272872,-0.2702808054459735,0.5839886802,0.42272185044723193,2.24591,0.15408961934300144
96,3,False,False,False,False,False,True,True,False,False,False,True,False,False,False,False,True,False,False,0.546203388877192,0.6441050000000001,-0.3758970825982848,1.9620699999999998,-0.4662326173607528,1.6859419534999995,-0.8364412159876661,0.3087874438514859,2.5288049999999993,-0.6770185159437604,0.6466814949182669,0.7313063197999998,0.7769320676962642,0.8395515392500004,0.24609530112710337
91,4,False,False,False,False,False,True,True,False,False,False,True,False,False,False,False,True,False,False,-0.13324950554561668,0.3697250000000001,0.03896732454334952,0.5391899999999992,-0.09298532946661953,0.11112695350000035,0.03968707479358591,-0.10612651672196345,0.9067950000000002,-0.9125131804669845,-0.4594920438997582,0.6198586801999999,-0.11540560008753575,0.28398499999999993,-0.033626274638871884
90,3,False,False,False,False,False,True,True,False,False,False,True,False,False,False,False,True,False,False,0.6791245926758481,1.3152650000000001,0.19097381414989176,0.2500447829999999,-0.13194172058668477,0.6148799999999999,-0.8808861185106218,-0.24475609000557244,0.4909996539999999,0.05028725544396614,0.8151343030832624,1.31662,0.9600104959255946,1.3217465392500003,0.06602883460098138
89,3,False,False,False,False,False,True,True,False,False,False,True,False,False,False,False,True,False,False,0.09143155430787259,0.5049100000000002,-0.13274022866964144,0.7938449999999992,-0.04485253361667574,0.17924000000000007,-0.18571343755059289,-0.005253184680790289,0.8957899999999999,0.37785748815827697,-0.17036967844590478,0.9698350000000002,0.006766420932596029,0.3753549999999999,-0.16521649949965497
63,4,False,False,False,False,False,True,True,False,False,False,True,False,False,False,False,True,False,False,1.0995308293011428,1.63814,0.18011832096055921,0.35846,-0.09270559943956809,0.14589000000000052,-1.3293634786336344,-0.17929650412321502,0.457665,0.37415346906352825,1.115612948408865,1.2053413198000005,1.2778884703778886,1.7412215392500001,0.1516808747884197
43,3,False,False,False,False,False,True,True,False,False,False,True,False,False,False,False,True,False,False,-0.21156569290674906,0.24671217300000015,-0.12385200281553117,0.3227302169999997,-0.023313344138675234,0.16764500000000027,0.1639487582079509,0.19122768247062522,0.257935346,0.3139049262163245,-0.5542089254405722,0.6649386801999999,-0.182578635123904,0.32651846075,-0.003517445624337359
40,3,False,False,False,False,False,True,True,False,False,False,True,False,False,False,False,True,False,False,-0.17662945207307987,0.588267173,0.005354397573625294,0.45623000000000014,0.03246590188228779,0.2017800000000003,0.17460524159181295,0.02727257136056822,0.5841450000000001,-0.98306880389128,0.24138350683450085,1.1555400000000005,-0.17709136020901078,0.26310346075,-0.012917722246617514
284,3,False,False,False,False,False,True,True,False,False,False,True,False,False,False,False,False,False,False,0.09146036199335629,1.489745,0.43864697197194874,0.685864783,0.014320695448918107,0.21817499999999956,-0.03911658315323741,-0.37773253916543476,0.463289654,-0.7290270674214527,0.04372081811170691,1.32869,0.22742820502679192,1.191955,0.3318431625670341
266,3,False,False,False,False,False,True,True,False,False,False,True,False,False,False,False,False,False,False,-0.2656502028521203,0.367082173,0.010970785874182985,0.3795799999999998,-0.1399305231350648,0.30164999999999953,0.09200047524891963,-0.10696716284212163,0.3369049999999998,-0.3283364572794293,0.01668278423676419,1.131325,0.05566377348414082,0.5339799999999999,0.3538770490943048
203,4,False,False,False,False,False,True,True,False,False,False,True,False,False,False,False,False,False,False,-0.03354253446777242,0.5361800000000003,-0.021309353597891,0.46250500000000017,-0.01945817621673234,0.168215,0.044734599574539985,0.030345135223305595,0.5433050000000001,-0.7744504011759514,0.32851244754220277,0.855105,0.27553499806107024,0.45918153925000005,0.2838340728723977
177,3,False,False,False,False,False,True,True,False,False,False,True,False,False,False,False,False,False,False,-0.00031426572799804064,0.7010000000000003,0.126813963468201,0.5953150000000007,-0.050555675569920557,0.3626199999999997,-0.08591701028248702,-0.19054284395211446,0.35255000000000014,-0.2685677688669174,-0.43608571431530646,0.6094186801999997,0.31959891758791853,0.8731515392499998,0.30201638527962354
176,3,False,False,False,False,False,True,True,False,False,False,True,False,False,False,False,False,False,False,-0.3529115511100774,0.5859171730000001,-0.0425642652501876,0.5347649999999997,-0.1243823666262327,0.22868000000000066,0.19792785885017578,-0.18491407312976005,0.33368965400000006,-0.02968595205183155,0.04969957774001359,1.7228400000000001,-0.04172978542199831,0.42839499999999986,0.26427068658475794
121,4,False,False,False,False,False,True,True,False,False,False,True,False,False,False,False,False,False,False,0.7092017642154169,1.3085599999999997,0.18159015675711498,0.28580978299999993,-0.13130540887248612,0.5344500000000005,-0.723324254886527,-0.32692290262185264,0.41335965399999997,0.12367904195248537,0.9192668807682268,1.3699699999999997,1.1058150949382315,1.3711115392500002,0.3048665089687615
113,6,False,False,False,False,False,True,True,False,False,False,True,False,False,False,False,False,False,False,0.7538056407300742,1.6237000000000004,-0.043651483769358713,1.2983500000000001,-0.3007011736377074,0.7040669534999999,-1.040345301960802,-0.08081021241971088,1.6814805000000002,0.10064348122038126,1.0345721964359726,1.7527700000000004,1.1893766561304515,1.56262,0.3118177472551573
103,4,False,False,False,False,False,True,True,False,False,False,True,False,False,False,False,False,False,False,0.6825125181635328,0.9725600000000001,0.2373272337346678,0.3661097830000002,-0.06965383154509722,0.2646999999999995,-0.6760154253709618,-0.3408278593069171,0.37705465399999993,0.021030004311887143,0.7396703346754645,0.7667063197999999,1.117220899789753,1.1913615392499999,0.3570996087682293
83,4,False,False,False,False,False,True,True,False,False,False,True,False,False,False,False,False,False,False,0.6443907783450498,0.8334478269999999,-0.07734724614186442,0.7643049999999993,-0.07566728506890176,0.3139599999999998,-0.7118772006861598,0.11707236404637254,0.486445,-0.1189978224010774,0.9402636416902935,1.1049499999999999,1.0871986031034695,1.2716015392499997,0.30927800444072717
82,4,False,False,False,False,False,True,True,False,False,False,True,False,False,False,False,False,False,False,1.1003466097308354,1.9023078270000002,0.19514630662264784,0.7440500000000001,-0.07994314549688783,0.31546500000000055,-1.4309178506032787,-0.17371877843238215,1.215115,0.3762667541203352,1.5683954891118028,2.0748463198,1.8388633230216855,2.42208653925,0.2843020915758077
14,3,False,False,False,False,False,True,True,False,False,False,True,False,False,False,False,False,False,False,0.6026265426796862,1.1063450000000004,0.2150938599320348,0.27554478299999996,-0.0026570932046642982,0.08521999999999963,-0.520994468341277,-0.2511468865335416,0.3411496540000001,0.3676250716454736,0.7646195970484881,0.7858813198000005,0.9900538285477622,1.10396653925,0.36046112841739986
216,3,False,False,False,False,False,False,False,True,False,False,False,True,True,False,True,False,False,False,-0.10954546825414993,0.71306,0.03216468034863602,0.17481500000000016,-0.026021905256734736,0.09281499999999987,0.08418319391309408,-0.051552929927233884,0.284875,0.23563888111755385,-0.22318985541012784,0.8173150000000002,0.4449987269993463,0.8965965392499999,0.4720622008398582
207,2,False,False,False,False,False,False,False,True,False,False,False,True,True,False,True,False,False,False,-0.11871054294441437,0.14479217300000014,0.13888927563350148,0.23740978299999993,-0.05145397086516491,0.19797499999999957,0.013730133397107632,-0.1975097618149377,0.20460465399999994,-0.9297336784106198,0.33814763931288716,0.5768263198000003,0.3398087729434995,0.6749415392499998,0.5237901484643943
111,2,False,False,False,False,False,False,False,True,False,False,False,True,True,False,True,False,False,False,0.4656484789821208,0.5281628269999998,0.16612495091818544,0.2148797830000002,-0.17533695117840445,0.22422695349999966,-0.6200094172040485,-0.3616343111394063,0.47695965399999984,0.6456972771720602,0.5187876336175066,0.5701063198000003,0.9491863440617495,1.0226115392499997,0.4562713307334853
93,4,False,False,False,False,False,False,False,True,False,False,False,True,True,False,True,False,False,False,0.40892741360899326,0.5621450000000001,-0.0014846279789097394,0.0871249999999999,-0.041549665246641304,0.1412249999999995,-0.4319394288183332,0.008657829129089738,0.20879999999999965,-0.09457352689309245,0.6801259738795518,1.1131600000000001,0.9285444601256226,1.19116,0.3837429238812749
179,3,False,False,False,False,False,False,False,True,False,False,False,True,True,False,False,False,False,True,0.462602866333776,0.660162827,-0.0017785948612227297,0.25943499999999986,-0.04943414619588688,0.19809999999999928,-0.6184560628803664,-0.11947064576788483,0.161804654,0.3565848011076229,0.31482381595405046,0.6202700000000003,0.19897577428827926,0.44113153925000015,-0.2776809304340556
267,3,False,False,False,False,False,False,False,True,False,False,False,False,False,True,False,True,False,False,0.039786059573057364,0.8945349999999999,0.007960948569583372,0.1692450000000001,-0.056579594035349005,0.07190195350000028,-0.18155215825154336,-0.04263518310609453,0.39147,0.8664752451114858,-0.2677519507756753,0.4067186801999998,0.06037073964580606,0.528985,0.13753683095460742
190,3,False,False,False,False,False,False,False,True,False,False,False,False,False,True,False,False,False,False,-0.00844339550268901,0.5930499999999999,-0.18526460112803303,0.2608999999999999,-0.0010374080299714009,0.03622000000000014,0.024353104728740513,0.17320048532312005,0.23149034599999974,-0.5371801112965093,-0.3603565914433438,0.5248086801999998,0.30355801079992367,0.46990653925000014,0.2936776077135086
338,3,False,False,False,False,False,False,False,True,False,False,False,False,False,False,False,True,False,False,-0.09031809360903699,0.7329150000000002,0.0817183495112207,0.09044478300000014,-0.01307833781311597,0.09653999999999918,0.052479920622180654,-0.07229826360061288,0.13062965399999982,-0.11526235818327962,-0.23258904609332806,0.6092900000000001,0.1529412779108781,1.008175,0.20859429905287094
281,2,False,False,False,False,False,False,False,True,False,False,False,False,False,False,False,True,False,False,0.445940188775269,1.035885,0.09258547578510742,0.2611297829999999,-0.05657622528704277,0.08397195349999986,-0.541024311973943,-0.20813890637317445,0.31994465399999994,0.8941402512401051,0.4810482488161336,0.5315763198000001,0.4152749651099057,0.7137365392500001,0.19385699611448304
271,2,False,False,False,False,False,False,False,True,False,False,False,False,False,False,False,True,False,False,0.1480654459902339,0.3323378269999997,-0.007383926096476937,0.15346500000000063,-0.01148477024266117,0.030140000000001166,-0.1764818142078826,-0.00838129817569949,0.058085000000000164,0.9841961606385198,0.38761383954419315,0.6501313198000003,0.04507902983289003,0.13030000000000008,-0.1270512422111279
263,5,False,False,False,False,False,False,False,True,False,False,False,False,False,False,False,True,False,False,0.3651042356373815,1.13639,0.044141012778091855,0.23553999999999986,-0.08988674929228435,0.2090600000000009,-0.5381368118246074,-0.050777663061629556,0.4095599999999997,0.42434513452484474,0.02977814915919743,1.05447,0.19208018620995912,0.9501499999999998,-0.08014285730182194
238,2,False,False,False,False,False,False,False,True,False,False,False,False,False,False,False,True,False,False,0.3330736085027528,0.428097827,0.05944329742071182,0.2622049999999998,-0.13271956639924806,0.16996195349999965,-0.5012429626795492,-0.16983454186438673,0.28963000000000005,0.7975485316806031,0.5009347284334693,0.7062850000000003,0.44566913146668496,0.6433165392499998,0.14941423393254724
235,3,False,False,False,False,False,False,False,True,False,False,False,False,False,False,False,True,False,False,0.18388501834674123,0.6201850000000002,-0.023072057795782665,0.2520349999999998,-0.03969775062870376,0.23537499999999945,-0.2648493370388805,0.0037549410679471127,0.6571699999999998,0.006430795030502947,0.17603103396107497,0.730545,0.13071722562530355,0.5789850000000001,-0.058247603970453
234,4,False,False,False,False,False,False,False,True,False,False,False,False,False,False,False,True,False,False,0.5336775397569183,1.2681550000000001,0.031545046691343545,0.1073897829999999,-0.10613112767473747,0.1921469535,-0.7107867611761535,-0.20626452398495906,0.37286965400000005,0.8217131151255483,0.6755370046793576,1.1468500000000001,0.6784211276859042,1.44917153925,0.1827045910721719
230,4,False,False,False,False,False,False,False,True,False,False,False,False,False,False,False,True,False,False,0.04829441617084214,0.5481600000000002,0.022505985802109937,0.24485,-0.01582076165293042,0.027686953499999944,-0.08114108853890438,-0.04971008984617963,0.26305000000000023,-0.8283913932242949,-0.07824901478463162,0.7185799999999998,0.05535278602747926,0.12426999999999988,0.02637583472768835
217,2,False,False,False,False,False,False,False,True,False,False,False,False,False,False,False,True,False,False,-0.10061809704958118,0.39565499999999965,-0.04330255021740523,0.060480216999999836,0.021109230741368563,0.032333046499999796,0.15583730733031675,0.13931226374836708,0.24104034599999968,0.7375800169948095,-0.3854144137189471,0.641205,0.11237629615315681,0.40676,0.11764215498951333
215,4,False,False,False,False,False,False,False,True,False,False,False,False,False,False,False,True,False,False,-0.07728605601106678,0.34790500000000035,-0.15508846457617703,0.19273521700000007,-0.11403033991727578,0.21976195349999994,-0.06708617388620679,0.08314519346868289,0.12243534600000006,-0.1702036480873746,-0.3267698093036391,0.7999799999999999,-0.0590991149702755,0.2957099999999997,-0.016383439148350148
199,2,False,False,False,False,False,False,False,True,False,False,False,False,False,False,False,True,False,False,-0.1817695496794816,0.2906821730000002,0.0036817156167210678,0.1622950000000003,-0.03606345720722371,0.04187695350000009,0.10877710709001409,-0.028179797518228817,0.2576749999999999,0.8106599977295945,-0.5162098960613142,0.7208336801999997,-0.2436826682264522,0.31417846075,-0.11279373466509496
175,3,False,False,False,False,False,False,False,True,False,False,False,False,False,False,False,True,False,False,-0.02623325377069417,0.7574299999999998,0.05554451765845047,0.09915978300000017,-0.12769084784097148,0.24127195350000008,-0.12122754135503146,-0.14545805322230126,0.354424654,-0.8340257443820565,-0.352691333689439,0.6757050000000002,0.11217329680583238,0.3684200000000002,0.030929815063954525
172,3,False,False,False,False,False,False,False,True,False,False,False,False,False,False,False,True,False,False,-0.06823256263199741,0.2075800000000001,0.10027931844569439,0.1319797829999998,-0.030702466293537192,0.15311500000000144,0.05095608660581257,-0.10569725850268484,0.202274654,-0.006738452140919459,-0.2318459852441099,0.9297299999999997,0.1525452678120482,0.9997749999999999,0.2486695491795672
138,2,False,False,False,False,False,False,False,True,False,False,False,False,False,False,False,True,False,False,0.1239264325919122,0.2192978269999999,-0.10598362760661116,0.1856452169999998,-0.1429785091430801,0.20352695349999994,-0.30095323776073274,0.09889926991497817,0.2584850000000003,-0.9939205022519643,0.3825098411938663,0.6822113198000004,0.15095632408274479,0.6492249999999999,-0.044351670805258446
133,4,False,False,False,False,False,False,False,True,False,False,False,False,False,False,False,True,False,False,0.2057809791628382,0.8476499999999998,0.137819210381826,0.2691397830000004,-0.05061808386449063,0.19515999999999956,-0.25526050517654875,-0.15569943864530605,0.42522499999999974,0.2790390652109528,0.3323088467805927,1.4215899999999997,0.19778673231249286,0.9887700000000001,0.03416832356683907
106,2,False,False,False,False,False,False,False,True,False,False,False,False,False,False,False,True,False,False,0.10402821014810411,0.446145,0.16740877893946654,0.2148047830000004,-0.06573685685898911,0.09219695349999935,-0.18165282902032567,-0.2520960497873802,0.2669596539999999,0.5436585712967675,0.5123934311081043,1.5187700000000002,0.07874372045761442,0.64018,0.0016127157176965769
104,2,False,False,False,False,False,False,False,True,False,False,False,False,False,False,False,True,False,False,0.10874084438388609,0.618055,-0.06042913413813849,0.08198521700000017,-0.08664559321653882,0.2312719534999994,-0.1304242080954186,-0.01568144318186946,0.21973999999999982,0.6539339818684378,0.11732221533986655,1.0500349999999998,0.2015198865462842,0.59118,0.06247376664733848
11,3,False,False,False,False,False,False,False,True,False,False,False,False,False,False,False,True,False,False,0.36148530743088686,0.7085000000000001,0.048456915072365506,0.2084349999999997,-0.022157228955351223,0.034186953499999895,-0.37731039599763017,-0.018260017488514437,0.27450499999999955,0.5921457823171451,0.4991611531147632,1.19072,0.2805964765339764,0.5416100000000001,0.0264526054383407
335,4,False,False,False,False,False,False,False,True,False,False,False,False,False,False,False,False,False,False,-0.06538326103523795,0.7888200000000001,0.001304742187360305,0.23601500000000009,-0.023484933198929303,0.08091500000000096,-0.014464820588787834,-0.044625834482922885,0.43205999999999967,0.09546085980376005,0.23770317315407177,1.4022300000000003,0.1878897110289555,1.105505,0.25719255432003335
295,2,False,False,False,False,False,False,False,True,False,False,False,False,False,False,False,False,False,False,0.46546996090837867,0.6488149999999999,0.02757240635252499,0.0755300000000001,0.04034742042963974,0.09008500000000019,-0.3794015900461056,0.015708240739332174,0.1167549999999995,0.9975653178830093,0.6901479556701015,0.7263663198000003,0.603902584947595,0.8774815392499997,0.2707670130722821
174,2,False,False,False,False,False,False,False,True,False,False,False,False,False,False,False,False,False,False,0.2698617806627799,0.312387827,0.09757555757990148,0.160174783,-0.12586795578202192,0.22383195349999951,-0.3975377100419781,-0.18851443676594054,0.21433965399999977,0.8703759839506608,0.7511708555199788,0.8218763198000003,0.586874267965238,0.5871115392499999,0.28256107378862283
137,3,False,False,False,False,False,False,False,True,False,False,False,False,False,False,False,False,False,False,-0.010030598235480666,0.2654899999999998,-0.04739559435143882,0.24180500000000027,-0.10502671016868874,0.19852695350000005,-0.13423754509511387,-0.005073823418256055,0.44093000000000027,-0.48538082486633094,0.5232692830702135,0.6403613198000002,0.3367956207741513,0.6793065392499997,0.34907690745548536
12,2,False,False,False,False,False,False,False,True,False,False,False,False,False,False,False,False,False,False,0.20990643309789667,0.5341,0.09180158700564968,0.1365547829999998,-0.040670253379147425,0.09778695349999911,-0.27840023007185655,-0.11822702415596026,0.20649965399999992,0.7500914445566679,0.6199444344530801,0.7260363198000004,0.5623234220363101,0.9059365392499998,0.31319727164244726
318,3,False,False,False,False,False,False,False,False,False,True,False,True,True,False,True,False,False,False,0.04466130470993811,1.0250049999999997,0.09998399800605369,0.60684,-0.009084776375258135,0.3232949999999999,-0.04746623619448727,-0.1277011852445708,0.39166999999999996,0.9652297841704075,0.8469096936241687,1.0628063198,0.3773913703361367,1.0298300000000002,0.3981478769146796
303,3,False,False,False,False,False,False,False,False,False,True,False,True,True,False,True,False,False,False,0.7164573971988369,1.1199400000000002,0.15522762870307424,0.4332849999999997,0.0008128475774896518,0.09008500000000019,-0.6789695665583881,-0.13852979702696078,0.5382250000000002,0.7662299750234961,0.9049496510963206,1.9136699999999998,0.9936667308481617,2.15885,0.4959939605449815
256,3,False,False,False,False,False,False,False,False,False,True,False,True,True,False,True,False,False,False,0.9825223080453804,2.5353249999999994,0.15981430792840012,0.9779800000000005,-0.018456271054017228,0.06648999999999994,-1.405700952895252,0.03248427049473454,2.5465850000000003,0.9894708657538102,2.3228244010223023,2.789295,2.694852558942955,3.14046653925,0.40548513376336653
244,2,False,False,False,False,False,False,False,False,False,True,False,True,True,False,True,False,False,False,0.1471802348531462,0.8835649999999997,0.04244757156763179,1.207395,-0.12299635981291122,0.3672299999999993,-0.2998719828713629,-0.05727894881487319,0.790645,0.9625962868994252,0.08849870900968199,1.0494400000000002,0.4633177183888765,0.7531915392499999,0.3704367878499807
242,4,False,False,False,False,False,False,False,False,False,True,False,True,True,False,True,False,False,False,0.7384230923358801,3.0248549999999996,0.3760596188169868,0.9474597830000007,-0.012464877566283582,0.2647649999999997,-0.8019516084208952,-0.272369981853269,2.8545499999999997,0.9505274232155548,1.287500554785519,3.15717,1.6473072426652116,3.38663,0.4178387132525025
151,4,False,False,False,False,False,False,False,False,False,True,False,True,True,False,True,False,False,False,-0.26366884377492955,0.8292700000000002,0.01226106135828765,1.5239600000000006,-0.021364294280591334,0.2609349999999999,0.24869752377635224,0.07022554531758139,1.2437049999999998,0.8845759279613974,-0.2339664367372273,1.0658800000000004,0.18654845466812253,0.873095,0.47185839105044786
119,2,False,False,False,False,False,False,False,False,False,True,False,True,True,False,True,False,False,False,0.853682688735096,1.6941628270000002,0.4170086475540244,0.6727047829999999,-0.01923528652439867,0.06020499999999984,-1.0288049582089613,-0.5338685423602169,1.158047654,0.9995521602599589,1.413093096639891,1.7181863198,1.7136480550913558,2.08934153925,0.44199756663990386
116,4,False,False,False,False,False,False,False,False,False,True,False,True,True,False,True,False,False,False,0.7486003231494487,2.0042978270000003,0.3478113702997598,0.7971997830000004,-0.052572936491913656,0.43095000000000017,-0.8751299895548921,-0.31904017378417954,0.706449654,0.9724717029788426,1.0679149534384036,1.9123463198000001,1.4017626592755523,2.20867653925,0.36847618134964943
88,4,False,False,False,False,False,False,False,False,False,True,False,True,True,False,True,False,False,False,-0.4703791485351014,0.548642173,-1.2018106376857212,1.6637452170000002,-0.6492412609036465,1.4580469534999998,-0.3414674494213983,0.6917448441128503,0.8768403460000003,0.9282634284205399,-0.5472061196076626,0.6203636801999999,-0.01069181272753827,0.3563449999999999,0.44595673667698754
77,3,False,False,False,False,False,False,False,False,False,True,False,True,True,False,True,False,False,False,0.8645006628572264,2.3135728270000007,0.0209040718957434,1.31468,-0.20011718722480748,0.33096499999999995,-1.0537131470540233,0.31903578909138536,2.9720499999999994,0.8597437353809357,1.5390564355699938,2.6477463198000004,2.012945141150882,3.09014653925,0.5511312270980258
55,2,False,False,False,False,False,False,False,False,False,True,False,True,True,False,True,False,False,False,0.8005913326915209,1.0625650000000002,0.12307164552282149,0.7448199999999998,-0.033723425721584314,0.17739499999999975,-0.6114445598477014,-0.23101542999180374,0.8294950000000001,0.9442775640626088,0.9705230160169298,1.6649649999999996,1.3023767135742774,1.5382950000000002,0.44720792193941394
29,2,False,False,False,False,False,False,False,False,False,True,False,True,True,False,True,False,False,False,1.144614475438725,1.3715028270000003,0.3744884534008476,0.42907478300000035,-0.07380659030216166,0.0922319534999998,-1.2434388321578653,-0.3774853626421362,0.6115446539999998,0.9572318291488038,0.9413527347975671,1.0163263198,1.6906506824148917,1.8934815392499997,0.5127823016821019
152,2,False,False,False,False,False,False,False,False,False,True,False,True,True,False,False,False,True,False,-0.24934922466994494,0.49083217300000004,-0.13900352490931037,0.6458652169999999,0.013070901401548632,0.08593999999999902,0.2537934283349444,0.24741790712890965,0.4526353460000001,0.9950927679306099,-0.02260928486696458,0.05979999999999985,0.6320490772423174,0.8821615392500002,0.8050220716943437
122,2,False,False,False,False,False,False,False,False,False,True,False,True,True,False,False,False,True,False,0.8370356140014407,2.3062400000000007,0.14230930045126125,0.49932478300000005,-0.12508907712864445,0.17774695349999892,-1.1023772050907499,0.08921515432491502,2.2833750000000004,0.9943662953142578,1.9802356875293134,2.9124,2.5158922965139037,2.9693165392500003,0.7163446166725126
201,2,False,False,False,False,False,False,False,False,False,True,False,True,True,False,False,False,False,True,0.4453276228398028,1.0861878269999996,0.22789584807168145,0.43926978299999986,-0.056378140195773745,0.6634700000000002,-0.48937830247535097,-0.11364889581967713,0.20651465400000002,0.9769658485837751,1.1430630015462329,1.5026913198000003,0.34135837264410757,0.4515215392499998,-0.2916658068016287
81,2,False,False,False,False,False,False,False,False,False,True,False,True,True,False,False,False,False,True,2.1874308932901947,2.5639978270000006,0.8006324926420708,0.868249783,0.022723975250871373,0.13156499999999927,-2.08730520873286,-0.9343934488952288,3.530538,0.9786431615548264,2.0315883047758256,2.7703063198000004,1.5368512360501898,1.9989015392499998,-0.6571042490778635
322,2,False,False,False,False,False,False,False,False,False,True,False,False,False,True,False,True,False,False,-0.17040033622290449,0.17081217300000007,-0.13752588150272205,0.23763021699999998,-0.18158524429434753,0.4291919534999993,-0.040875226009495016,0.18035593261228416,0.23919034600000044,0.8530071540111226,-0.39221170587949894,0.5762236801999998,-0.11046390192251096,0.40973999999999977,0.04279995787694463
305,2,False,False,False,False,False,False,False,False,False,True,False,False,False,True,False,True,False,False,-0.14993625701572663,1.051235,0.011158056914478479,0.5063749999999994,-0.06396905230288971,0.11305695350000011,-0.0005884787013715202,-0.14624088202996396,0.42227465399999997,0.9434709930457302,-0.3057921193805304,0.5196836802,-0.08671834937116203,0.2198650000000002,0.0649321813173171
304,2,False,False,False,False,False,False,False,False,False,True,False,False,False,True,False,False,False,False,-0.06483943623925936,0.1794349999999998,-0.3098035361244695,0.521670217,-0.06427050983037623,0.1674869535000001,-0.0356052209231855,0.3291767232963786,0.49752034599999995,0.9608558322235965,-0.05373619167777918,0.17073500000000008,0.3384568364653326,0.5295915392500001,0.371237049432132
329,3,False,False,False,False,False,False,False,False,False,True,False,False,False,False,False,True,False,False,-0.08838235102907727,0.6104949999999998,-0.003876450951659841,0.4543000000000008,-0.04029202995587579,0.17749499999999951,-0.040611765451395554,-0.03974616499221323,0.32379000000000024,0.9548348906774127,0.21832833377804647,1.4038650000000001,0.19152247893488789,0.68834,0.2069278056795248
324,2,False,False,False,False,False,False,False,False,False,True,False,False,False,False,False,True,False,False,0.6503250543114815,0.6535528270000002,0.34945292177817366,0.5976197830000003,-0.07330124391593199,0.16735000000000078,-0.7841009881114331,-0.4252165615300237,0.7639796539999999,0.8050426158551955,0.5985358017768669,0.6228263198000001,0.7414732649317577,0.7892815392500001,0.07046590367514863
309,3,False,False,False,False,False,False,False,False,False,True,False,False,False,False,False,True,False,False,0.005428521478947402,0.5020150000000001,0.12689160469450347,0.2928147830000003,-0.10855803992344282,0.18932195349999947,-0.12422697116555127,-0.18842403567068153,0.3748796539999999,0.7947651030221977,-0.1625525896616495,0.7251099999999999,0.2736453563940217,0.6138050000000002,0.20656199969991373
307,2,False,False,False,False,False,False,False,False,False,True,False,False,False,False,False,True,False,False,0.1161862766697634,0.6072850000000001,0.10367202081695784,0.49084999999999956,-0.12920770219896835,0.24090195349999988,-0.2571809031010915,-0.3880490264817106,0.6421346539999999,0.990286715263924,0.1970917643901241,0.8764099999999997,0.35252552165487633,0.8359349999999999,0.1591128562760861
301,2,False,False,False,False,False,False,False,False,False,True,False,False,False,False,False,True,False,False,0.6698155833872577,0.8504150000000004,0.1967608598046924,0.40822,-0.021380177764903457,0.10003000000000029,-0.568879808135418,-0.2625922877969071,0.38175500000000007,0.9996258557581479,0.7366289636571256,1.24084,0.5527764557215279,0.8985200000000002,0.011181808772621543
299,2,False,False,False,False,False,False,False,False,False,True,False,False,False,False,False,True,False,False,-0.13317901845041938,0.200832173,-0.25817767844502854,0.34084521700000003,-0.06353852109635835,0.4995099999999999,-0.03244983340311413,0.1840464623411292,0.7987149999999998,0.9909889182911286,-0.4451845853551136,0.6292486801999999,-0.1526791309726224,0.29508500000000004,-0.05549982474872987
285,2,False,False,False,False,False,False,False,False,False,True,False,False,False,False,False,True,False,False,1.1056450027209612,1.415382827,0.6438144795275839,0.7266997830000004,-0.09765156679050792,0.13347695349999977,-1.2505002163385601,-1.043151632332163,1.365540654,0.9834950973617602,1.2510994700225844,1.3059863198000001,1.44443715114527,1.45742653925,0.17775686950677802
283,3,False,False,False,False,False,False,False,False,False,True,False,False,False,False,False,True,False,False,0.7387501106697075,0.7487128270000001,0.4888211602003454,0.6546247830000005,-0.012738439103148988,0.16243500000000033,-0.7146072404865431,-0.5732915890496751,0.6476496539999999,0.9183667626513149,0.8840869471462607,2.2326013198000005,0.9360426037102909,1.15733,0.20180359596307854
282,3,False,False,False,False,False,False,False,False,False,True,False,False,False,False,False,True,False,False,0.6210235016542577,2.028655,0.021837354775908237,1.2861650000000004,0.005428349085864934,0.08059000000000083,-0.5940389232083418,0.05391230146311729,1.454135,0.937519421520919,0.940762448785647,2.235005,0.9499594321228957,1.7124899999999996,0.20590399090875103
279,3,False,False,False,False,False,False,False,False,False,True,False,False,False,False,False,True,False,False,0.8746925745762764,0.966502827,0.3031621053739034,0.4273847830000004,-0.02804567085283339,0.27501,-0.9447900460095242,-0.3783953284686404,0.5803096539999999,0.9086156665098133,1.068470685355498,1.1301013198,1.0367281931134944,1.1487615392499997,0.044909451674533314
277,3,False,False,False,False,False,False,False,False,False,True,False,False,False,False,False,True,False,False,0.7394177401230467,1.3868900000000002,0.16233564286745072,0.59687,-0.04191613327681325,0.09946500000000036,-0.8267236611782395,-0.15193175229097516,0.8393199999999998,0.9016795837060034,0.9901805726478781,1.5736299999999996,1.1344203266541104,1.59589,-0.030654699869194908
259,2,False,False,False,False,False,False,False,False,False,True,False,False,False,False,False,True,False,False,0.7715996555698261,0.7841278269999996,0.5690329575756389,0.5704997830000003,0.03316094784247382,0.10555499999999984,-0.7127417588753986,-0.7911177570859861,0.953969654,0.8016205605983807,0.8149322807010985,0.8238563198,1.0181145682870787,1.15093653925,0.2154587155040149
257,2,False,False,False,False,False,False,False,False,False,True,False,False,False,False,False,True,False,False,0.1902498940813499,0.9419478269999997,0.2077770006201195,0.5949747830000001,-0.06619146126348836,0.17723500000000048,-0.3519910759539541,-0.2783346780608356,0.8665296539999998,0.9877968548900172,0.25165407807517165,0.7337849999999997,0.37490275868279876,0.47086653925,0.14010223794175797
255,5,False,False,False,False,False,False,False,False,False,True,False,False,False,False,False,True,False,False,1.5991736430504433,2.533862827,0.6985984862892984,0.8583697830000001,-0.01870677478228938,0.21689499999999917,-1.5332753637398708,-0.9804957207251017,3.701709,0.8789736881505238,1.4611412310762775,2.6711063198,1.5745466977474285,3.0203365392499997,0.08132156928724249
243,2,False,False,False,False,False,False,False,False,False,True,False,False,False,False,False,True,False,False,1.3961991268152403,2.439392827,0.6735174613243466,0.8966047830000003,0.023012494057031763,0.21817500000000045,-1.6487658148963324,-0.31061127325744786,2.9210800000000003,0.9999516823314523,1.644282865910786,2.7052163198000008,2.6626793964142528,3.17889653925,0.2016535111676291
240,4,False,False,False,False,False,False,False,False,False,True,False,False,False,False,False,True,False,False,0.5154508347508605,1.0473500000000002,0.0182091440815237,0.22508000000000017,-0.09212048667853011,0.3083600000000004,-0.7169142171297088,-0.07076509709600516,0.551345,0.783234192908424,0.6950824959992457,1.3289000000000002,0.759010808886712,1.3255200000000003,0.17542712520741538
195,2,False,False,False,False,False,False,False,False,False,True,False,False,False,False,False,True,False,False,-0.34885223942850824,0.5329171730000002,-0.6284777916127938,0.7644752169999998,-0.015208663492809202,0.03964000000000034,0.3207806547309666,0.4091623018003254,0.4776253460000004,0.9889925780243339,-0.5581443920109947,0.7268336801999999,-0.16820766200203657,0.28617346075000016,0.1670519707050927
181,3,False,False,False,False,False,False,False,False,False,True,False,False,False,False,False,True,False,False,0.1533611412793312,1.0633,0.09089787847131187,0.5303900000000006,-0.011733190787822336,0.17140000000000022,-0.20746917363763326,-0.05017518986273182,0.43172999999999995,0.78762611665949,0.24564130823267763,0.8860499999999998,0.20090601376387246,0.5284049999999998,0.024148747099042987
178,6,False,False,False,False,False,False,False,False,False,True,False,False,False,False,False,True,False,False,0.10666506356256557,0.7826500000000001,0.019556646655136192,0.4250399999999992,-0.02147829484408474,0.49832499999999946,-0.14498793952435177,-0.043411015416104,0.5486950000000004,0.9348860234815349,0.48425564898596074,1.255925,0.21873781000465833,0.9993850000000002,0.07940323004127386
165,5,False,False,False,False,False,False,False,False,False,True,False,False,False,False,False,True,False,False,0.13410242244148343,0.9719700000000002,-0.11967816304180805,0.7022300000000001,-0.027777616543341863,0.25011000000000116,-0.2779867123686338,0.17117658086535534,0.5968950000000002,0.790700251642368,0.20560504645876856,0.34937631980000017,0.45979405185038275,1.27645,0.13103568445089414
157,4,False,False,False,False,False,False,False,False,False,True,False,False,False,False,False,True,False,False,-0.06175744978853159,0.667055,-0.05802226904640691,0.37985999999999986,-0.04376765581881329,0.17246500000000076,-0.028036960368838626,0.07084997895832085,0.4091899999999997,0.8320370327757649,-0.017477860303898314,1.251155,0.0495114160402851,0.8985200000000004,0.14971861434839284
156,2,False,False,False,False,False,False,False,False,False,True,False,False,False,False,False,True,False,False,0.5506644423492979,1.07621,-0.015432291201461144,0.20550500000000005,-0.19629595028113733,0.3074269534999994,-0.6597858231058233,-0.0402689271614245,0.4609399999999999,0.9128613118237675,0.4450385774160362,1.226635,0.421239140032315,0.6577099999999998,-0.21773643862815598
154,2,False,False,False,False,False,False,False,False,False,True,False,False,False,False,False,True,False,False,-0.08461451565153853,0.572295,-0.00854205319137891,0.5780400000000001,0.00042315435267478165,0.0021849999999998815,0.0565365825471461,0.015273994606105103,0.5690049999999998,0.9937014120862605,-0.02884533314363307,0.6833399999999998,-0.062016539949912984,0.3534700000000002,0.0008060376111835917
145,2,False,False,False,False,False,False,False,False,False,True,False,False,False,False,False,True,False,False,0.388711715214397,0.8205428269999999,0.13143606991327675,0.620054783,-0.007686213103969497,0.06575499999999934,-0.44076098877656733,-0.12273844177076752,0.8453250000000001,0.9385881814916458,0.5415441085493958,0.8865249999999998,0.5530949453810823,1.00635653925,0.1258074961849677
141,2,False,False,False,False,False,False,False,False,False,True,False,False,False,False,False,True,False,False,0.15902626656348506,0.37914499999999984,0.06469131466045044,0.35379499999999986,0.021498479145550812,0.02807304650000031,-0.12738944324278978,-0.01417285526588718,0.41497499999999965,0.9263483306679431,0.15944247554223986,1.0842049999999999,0.06160363745599478,0.57857,-0.02407120388555658
140,4,False,False,False,False,False,False,False,False,False,True,False,False,False,False,False,True,False,False,-0.021752238116505146,1.0074999999999998,-0.20231315150516366,1.1320650000000003,-0.02152767992546064,0.17251500000000064,0.02706632668377897,0.26068445326930856,1.2026299999999999,0.9479341089006474,-0.47370004986820347,0.8145001801999998,-0.08414335359116236,0.9112500000000001,-0.0777863527336167
110,2,False,False,False,False,False,False,False,False,False,True,False,False,False,False,False,True,False,False,1.6409658110531486,2.5120828270000004,0.6487998256252052,0.8745097830000002,-0.04598879888076634,0.10562499999999986,-1.7489481793153447,-0.32398330091298605,2.784175,0.9991853186724986,1.6530327499502195,2.5648813198000004,2.1014235065314453,2.27717653925,0.019658030349241448
105,4,False,False,False,False,False,False,False,False,False,True,False,False,False,False,False,True,False,False,0.04016531398014601,1.1398499999999996,0.06890370682692662,0.7007400000000001,-0.08094884806378619,0.1516150000000005,-0.17159973741781614,-0.07628817522714954,0.6730149999999999,0.9922658575587411,0.09994196341169485,1.2009149999999997,0.013524529195882016,0.16754500000000005,-0.12245460276992243
100,3,False,False,False,False,False,False,False,False,False,True,False,False,False,False,False,True,False,False,1.5769482858920922,1.728622827,0.7723681660796489,0.7986247829999997,-0.024242459121559964,0.24390999999999963,-1.5716751984103958,-1.292045056624516,1.440387154,0.918307681483752,1.5908996326234925,1.6756463198000002,1.5348786684914197,1.6951415392499998,-0.1287393162504324
99,3,False,False,False,False,False,False,False,False,False,True,False,False,False,False,False,True,False,False,0.3913471422570231,1.7591649999999999,-0.4575923086951474,1.3923950000000005,-0.09907076428518541,0.14806695349999988,-0.19321307286203684,0.3419113080587044,1.8986874999999996,0.9455419225724152,0.9887915327453635,2.00418,1.1269190022012605,1.735755,0.17500880895649612
97,2,False,False,False,False,False,False,False,False,False,True,False,False,False,False,False,True,False,False,0.7575952462457766,0.9971178270000001,0.42518845101105374,0.4397897829999997,-0.01322398488259123,0.14071500000000015,-0.8755228535050559,-0.546415016274756,0.7229296540000001,0.9160256823179621,1.0031333519156846,1.0826763198,1.099078253429067,1.2021415392500003,0.15707605227730242
95,2,False,False,False,False,False,False,False,False,False,True,False,False,False,False,False,True,False,False,0.8363880323770302,0.909127827,0.5465035429845917,0.618179783,-0.03364294311239879,0.06137195349999924,-0.8181383142880333,-0.5795038770318605,0.8853496539999999,0.9995871481463234,1.1123939085633434,1.1247713197999998,1.0839036713614285,1.10985653925,0.2108652947796039
92,4,False,False,False,False,False,False,False,False,False,True,False,False,False,False,False,True,False,False,1.0260538801578165,1.914737827,0.3167143937848687,0.6418349999999999,-0.19744320586316078,0.45723999999999965,-1.4519188683296185,-0.3237519823805348,1.1735796539999999,0.8985297701168173,1.6696528835415276,1.9834013198000005,1.7412067849045134,2.0581065392499998,0.24048614458469653
86,4,False,False,False,False,False,False,False,False,False,True,False,False,False,False,False,True,False,False,0.16135852901231768,1.6599100000000002,0.1941459004205615,0.5736849999999998,-0.09747071532542226,0.40791999999999984,-0.5341947034240002,-0.17648749193667845,0.91577,0.8014883065967426,0.606145589809405,1.6853649999999998,0.27027302417452836,1.481045,0.0015321852287070172
70,5,False,False,False,False,False,False,False,False,False,True,False,False,False,False,False,True,False,False,1.2003487975943883,2.235562827,0.4968617724522785,0.7356147830000004,-0.06034216374074224,0.37429999999999986,-1.3242869261109167,-0.5754323815635206,1.694772,0.9880227971304082,1.8519603865990188,2.417325000000001,2.297184747681592,2.5526865392499998,0.17875866695193204
68,2,False,False,False,False,False,False,False,False,False,True,False,False,False,False,False,True,False,False,0.8755693898038183,1.828835,0.18505202330757733,0.3001347830000003,-0.11397110307490041,0.2239419534999998,-1.0811322845029088,-0.2042359861644432,1.0154596539999998,0.7831341401377238,1.380112822471006,2.0873850000000003,1.4355657839852796,2.232385,0.24864235227170353
67,4,False,False,False,False,False,False,False,False,False,True,False,False,False,False,False,True,False,False,0.97050812229452,2.316185,0.08968244725787199,0.7717450000000001,-0.09556155266712854,0.20948999999999973,-0.9131496733543237,0.039635426637104246,0.6026449999999997,0.9737424484028517,1.9609318485040017,2.604795,2.1099761293301933,2.5086749999999998,0.20215832297720307
66,5,False,False,False,False,False,False,False,False,False,True,False,False,False,False,False,True,False,False,2.0819908951770056,2.9842450000000005,0.8059447308902753,0.9734347829999996,0.057969782910550244,0.5098699999999994,-2.0146825686367147,-0.22186364646828868,3.15216,0.9582692610920835,2.5708533420242037,3.01462,2.437046168873774,3.2270015392500007,0.18069284522118367
64,2,False,False,False,False,False,False,False,False,False,True,False,False,False,False,False,True,False,False,0.6593767771976281,0.8469678270000001,0.17879420928516,0.4872697829999999,-0.0683449748707391,0.2611900000000009,-0.7717919223157074,-0.1841078601564097,0.4261096539999998,0.8024819625322,0.6778701667252454,0.8674013197999999,0.41488946599003995,1.0517965392499997,-0.22649323559985327
61,2,False,False,False,False,False,False,False,False,False,True,False,False,False,False,False,True,False,False,-0.28934814021196004,0.973595,-0.6599141247449585,0.9388049999999999,-0.5611984936314928,0.5943819534999997,-0.1944371856291147,0.1377473924116527,0.8722650000000001,0.9563822400238478,-0.40768856293444766,1.020035,-0.007020369892029637,0.6233850000000001,0.19356708119173788
59,3,False,False,False,False,False,False,False,False,False,True,False,False,False,False,False,True,False,False,1.8282021149853733,1.9664978270000002,0.5813972209248987,0.7595647829999996,-0.019029475576461195,0.1524049999999999,-1.8390565810435484,-0.5186269324947134,0.845874654,0.952152566681851,1.7829209374768908,1.8622463198,1.7379191179522195,2.18054153925,-0.1653163359429674
57,2,False,False,False,False,False,False,False,False,False,True,False,False,False,False,False,True,False,False,2.3239266934793297,2.552707827,0.8513228272466263,0.8899897830000003,0.09181640283162479,0.09207304650000037,-2.341702228612264,-0.31441669428458224,3.7082485,0.9857077802381047,2.1020691445595814,2.7601313198,2.2166389077166975,2.97981153925,0.23012494939074776
52,2,False,False,False,False,False,False,False,False,False,True,False,False,False,False,False,True,False,False,0.9446528174067941,1.3178828269999998,0.10221497520180475,0.19309978300000008,-0.19650188479365083,0.32065695349999945,-1.0462329473510465,-0.15686701024750563,1.055079654,0.9903067146273224,1.208554402865706,1.2590563198,1.3527216125528727,1.67075,0.07967474392551777
50,3,False,False,False,False,False,False,False,False,False,True,False,False,False,False,False,True,False,False,2.096898751900365,2.590102827,0.7618966605004117,0.902759783,0.039424099403242964,0.08065000000000033,-2.0909916584731625,0.05115459666227698,3.4271199999999995,0.9994224619671609,2.0419564050699233,2.767621319800001,2.27853934633058,3.044701539249999,0.18826949365501006
46,6,False,False,False,False,False,False,False,False,False,True,False,False,False,False,False,True,False,False,0.8680681872255246,1.86265,0.19871617386205861,0.7524250000000001,-0.07819884841146389,0.2903069535,-0.937425457142761,-0.20254430749419874,0.9178449999999998,0.9548259536743724,1.2345246317744138,2.44552,1.1376546022252345,2.21309,0.1723724435810875
37,3,False,False,False,False,False,False,False,False,False,True,False,False,False,False,False,True,False,False,0.5170301648048524,1.7793100000000002,0.2438406242746504,0.7728747830000002,-0.055173780073504104,0.16365500000000033,-0.7220081538564107,-0.23945990835865433,1.153849154,0.990726202132715,0.7375457979008595,1.843525,0.4472004618423406,1.6288399999999998,-0.06194866612484483
33,3,False,False,False,False,False,False,False,False,False,True,False,False,False,False,False,True,False,False,1.451104776882265,2.76389,0.20497681344948387,0.9160047829999995,0.00803508007201096,0.060875000000000234,-0.9754207224752857,-0.007789553580909062,2.6290500000000003,0.9943260997834514,2.201667894106641,3.013675,1.808761468172883,3.093335,0.23315936848683275
32,2,False,False,False,False,False,False,False,False,False,True,False,False,False,False,False,True,False,False,0.1928393311484983,0.3814850000000001,0.06778068203556843,0.5435850000000002,-0.13304904577729856,0.17461695350000017,-0.33392694870118944,-0.1388368580360171,0.8397099999999997,0.7760176138133612,0.09714313853639295,0.7219949999999997,0.2475924546339176,0.41891500000000015,0.03631228347007165
24,2,False,False,False,False,False,False,False,False,False,True,False,False,False,False,False,True,False,False,0.3437990579781142,1.4672950000000002,-0.015982712494281587,0.642725,-0.2479988475182901,0.2514269535000002,-0.5896282712633019,0.11431809619938404,0.565045,0.9415002007293477,0.9240278842198505,1.997945,0.2572360434160448,0.7234950000000002,0.042097550364420734
17,2,False,False,False,False,False,False,False,False,False,True,False,False,False,False,False,True,False,False,2.177362876480918,2.317722827,0.79158592985293,0.8327597829999998,-0.01882686897593158,0.06736999999999949,-2.2403967164863037,0.09546866008610787,2.646045,0.9358729984253789,2.3435791644284625,2.4380113198,2.4692254971528236,2.4950065392500003,0.2225754847501547
331,3,False,False,False,False,False,False,False,False,False,True,False,False,False,False,False,False,False,False,-0.14313368444514782,0.40535500000000035,-0.03490414390438505,0.12953000000000037,-0.19140685824487524,0.46047695349999973,-0.1299591129575861,-0.14951436702814136,0.5304949999999999,0.9451631714631441,0.3765262294538023,1.4711699999999999,0.10205738202600553,0.36319999999999997,0.2708608687658663
300,5,False,False,False,False,False,False,False,False,False,True,False,False,False,False,False,False,False,False,1.450345841446562,2.6296028270000003,0.556629509654274,0.9394500000000003,0.01423447967686849,0.32803499999999985,-1.4858939898945398,-0.41407038301906657,3.9784284999999997,0.863062998821072,1.94463128953446,3.2797950000000005,2.242716272909407,3.2222215392499995,0.34941756280477076
294,3,False,False,False,False,False,False,False,False,False,True,False,False,False,False,False,False,False,False,0.8408015077440967,0.9095728269999996,0.4000887247275391,0.42368978299999993,0.0027425206358013634,0.0921599999999998,-0.7774086916561549,-0.513479479991527,0.6118346539999999,0.8963669206009818,1.0398930818457628,1.0771663197999999,1.242486227712066,1.2729415392499996,0.3269912730783987
265,3,False,False,False,False,False,False,False,False,False,True,False,False,False,False,False,False,False,False,0.03434029522150829,0.48062000000000005,0.053558118683757136,0.28803999999999963,-0.1346465090382942,0.30455195349999986,-0.20922273410568007,-0.1770768393390705,0.334294654,0.9464801505206514,0.3228191417983745,0.879,0.465486759506429,0.6541115392499997,0.36228611192671595
252,2,False,False,False,False,False,False,False,False,False,True,False,False,False,False,False,False,False,False,1.7407879491034106,2.5957928269999995,0.7668974354005696,0.9138197830000006,-0.05167061893778598,0.31937000000000015,-1.8272563234393113,-0.10722899746615856,2.8644399999999997,0.9935776468783865,2.690490047828374,2.8379213198000004,2.9299799535516344,3.1729315392499995,0.4807818895978326
250,2,False,False,False,False,False,False,False,False,False,True,False,False,False,False,False,False,False,False,0.6889819763788381,0.7635999999999998,0.38673914969914414,0.4220947829999999,-0.16724015856666555,0.3088619535000001,-0.8061465453985898,-0.7470254189934737,1.147809154,0.809182892824985,0.8523927810482843,1.097705,1.089167391496881,1.0910215392499998,0.3199917522049906
232,3,False,False,False,False,False,False,False,False,False,True,False,False,False,False,False,False,False,False,0.057476508413699154,0.3040799999999999,-0.01970442207923492,0.43047499999999994,-0.09027651184058111,0.10623695349999984,-0.16819591412659218,-0.08432452623071271,0.5264950000000002,0.9743643484724692,0.03364656452108198,0.8434499999999998,0.4040647497387346,0.7483965392499998,0.283020185782604
226,4,False,False,False,False,False,False,False,False,False,True,False,False,False,False,False,False,False,False,0.42939116850729353,0.6570949999999998,0.29358468691059353,0.4408947830000005,-0.02655788973787213,0.10099000000000036,-0.4806549712859895,-0.34055719927798955,0.5465496540000001,0.858340718248561,0.6621957721900417,0.7280563198000003,0.6439575745270361,1.050805,0.26596576777771397
221,5,False,False,False,False,False,False,False,False,False,True,False,False,False,False,False,False,False,False,0.8270526626210385,1.5897799999999997,0.33081550927553244,0.5781597829999998,-0.17894141933433355,0.4370819534999999,-0.9680540009476466,-0.6458242550540177,1.167287154,0.9376153121868881,1.1108298356666388,2.2107149999999995,1.3421379016267798,1.96806653925,0.29527014402833696
214,2,False,False,False,False,False,False,False,False,False,True,False,False,False,False,False,False,False,False,1.304921134203579,2.4638600000000004,0.047333377097550734,0.6648499999999999,-0.11826952186328411,0.2512969534999998,-1.58665860723767,0.08846682217038483,2.2684403459999998,0.9991690673282569,2.360629621159615,3.13561,2.6782979988164444,3.2178450000000005,0.4329251179329866
209,2,False,False,False,False,False,False,False,False,False,True,False,False,False,False,False,False,False,False,0.10922535600618168,0.9350099999999997,-0.013012349530187475,0.3924700000000003,-0.04547983318625569,0.07499195349999965,-0.12550546400455137,0.03433845948666572,0.5605899999999999,0.9999597521576113,0.6673665047709942,0.9979463198000005,0.5361145304914876,1.3644565392499999,0.2790034273475297
198,3,False,False,False,False,False,False,False,False,False,True,False,False,False,False,False,False,False,False,-0.22442532942769286,0.3970971729999999,-0.1032845535485453,0.33349521699999984,0.013064558807947761,0.16597499999999954,0.1973169407916723,0.22520574291205062,0.3621299999999996,0.8825262397473992,-0.46443881132409226,0.7518236801999998,0.041526881886661184,0.6599150000000003,0.2933816566251529
192,2,False,False,False,False,False,False,False,False,False,True,False,False,False,False,False,False,False,False,0.6721490545466642,1.3701999999999996,-0.08803987522602391,1.43506,-0.188721020855476,0.23878695349999912,-0.6497191154340831,0.33013347002185595,1.5919349999999999,0.8429968404062196,0.9397407303841966,1.524635,1.0427492909091478,1.3452300000000001,0.3456565083090118
184,3,False,False,False,False,False,False,False,False,False,True,False,False,False,False,False,False,False,False,0.9910573954775216,1.3685800000000001,0.206875375983876,0.35013499999999986,-0.08477126283547064,0.23891695349999953,-1.075528670192413,-0.20449312005920117,0.20831465400000004,0.9821628448556815,1.704984230029404,2.245465,1.5742369559189722,1.7408315392500002,0.36055956597309474
170,4,False,False,False,False,False,False,False,False,False,True,False,False,False,False,False,False,False,False,0.7243702264193255,1.4076549999999999,-0.06626350852195018,0.6594549999999999,-0.020547072743112734,0.16127000000000002,-0.7758686754440206,0.17508903143962454,0.53603,0.8975753449617458,1.8295862272499344,2.446205,1.4973775130229383,1.8767349999999996,0.3499732914018141
147,6,False,False,False,False,False,False,False,False,False,True,False,False,False,False,False,False,False,False,0.7519095703109334,1.0825049999999998,0.2259629942548502,0.5813899999999999,0.001276892554242638,0.13778999999999986,-0.7698215086886485,-0.2983611061508626,0.6979650000000002,0.8086155074593981,0.9090060363060992,1.4313249999999997,1.1694663202564042,1.6096050000000002,0.3097258833166713
142,4,False,False,False,False,False,False,False,False,False,True,False,False,False,False,False,False,False,False,0.3490025927549609,1.5313299999999999,-0.18852257245468793,1.0271649999999997,-0.09948663926846837,0.2841400000000007,-0.2698534382212521,-0.04796679516987708,0.7259950000000004,0.9853510626729478,0.6072552740662597,1.6260919999999996,0.6821533739564651,1.1476899999999999,0.33094559642530824
123,4,False,False,False,False,False,False,False,False,False,True,False,False,False,False,False,False,False,False,1.1948203686046235,2.281022827,0.2996228971948929,0.6688197829999996,-0.04134364288369345,0.4263300000000001,-1.288422472288106,-0.2892689343388254,3.04944,0.8514770043983482,1.3642245454607995,2.4598163198,1.601328704105484,2.55906653925,0.3392087430742547
118,2,False,False,False,False,False,False,False,False,False,True,False,False,False,False,False,False,False,False,2.405517283569347,2.4354078269999997,0.7795085290776252,0.799814783,-0.05249579165265181,0.17055195349999952,-2.491877998526475,2.3165538231388823,2.423420346,0.9944888283908222,2.611145220304403,2.7020163198000002,3.024542678349443,3.05948653925,0.5912134414064485
114,3,False,False,False,False,False,False,False,False,False,True,False,False,False,False,False,False,False,False,2.2685623766274396,2.534497827,0.8031225304310704,0.8897297829999995,0.011619293581269098,0.1555200000000001,-1.9954206580590779,0.0447033279625918,2.8779549999999996,0.9735029572973373,2.597881877609929,2.7460763198,2.9673535213119924,3.05532653925,0.5758772151600813
112,3,False,False,False,False,False,False,False,False,False,True,False,False,False,False,False,False,False,False,0.4751948032478843,1.4196850000000003,-0.16647958893789716,0.9230450000000001,-0.323846348083788,0.5288369534999999,-0.6532446722473405,-0.12141220476187203,0.7909649999999999,0.8482306947729531,0.6986610841434828,1.4842849999999999,1.091833750624246,1.418485,0.27121803759413093
98,5,False,False,False,False,False,False,False,False,False,True,False,False,False,False,False,False,False,False,0.8290019350766826,2.5730600000000003,0.20352109851530015,1.2615800000000004,-0.278385201699403,1.2545399999999995,-1.2446563428188158,-0.16503518368903794,3.0594400000000004,0.7755112445242559,1.1220671048996649,3.14421,1.2676004725535985,2.7084315392500002,0.26005290930689867
87,3,False,False,False,False,False,False,False,False,False,True,False,False,False,False,False,False,False,False,0.7927161385185866,0.9463400000000002,0.3285356581948742,0.5059747830000005,0.01480268309313904,0.13736500000000085,-0.7302376979321448,-0.37636355137968436,0.614894654,0.8837381572683227,0.9623387362578122,1.4881449999999998,1.1590483050734068,1.23310653925,0.32917687782710137
85,3,False,False,False,False,False,False,False,False,False,True,False,False,False,False,False,False,False,False,0.8896810927605378,1.3780450000000002,0.5906695977782699,0.7656647829999996,-0.014356043921852258,0.3235050000000008,-0.8736577573484352,-0.5760291860645274,1.2877631539999999,0.7789253801470024,1.1626098559215996,1.3287563198,1.380790476114849,1.61988653925,0.33981981232518593
78,3,False,False,False,False,False,False,False,False,False,True,False,False,False,False,False,False,False,False,0.763235880452483,1.1194899999999999,-0.026701476318038726,1.5847100000000003,-0.4162579521711543,1.1252819535,-0.9257792882693745,-0.12110637627400823,1.2323850000000003,0.7717830506738752,0.9310365800554851,1.0887399999999996,1.1263582289722938,1.1995315392499997,0.25835065224774956
60,4,False,False,False,False,False,False,False,False,False,True,False,False,False,False,False,False,False,False,0.12459665734377937,1.178115,-0.1688164402087215,0.5971350000000002,-0.02566040956359737,0.15489000000000086,-0.17964780225888177,0.1399978249903371,0.5408400000000002,0.8058900337822844,0.10749882497074674,1.3806349999999998,0.554884516137037,1.4956649999999998,0.29925857274379136
54,2,False,False,False,False,False,False,False,False,False,True,False,False,False,False,False,False,False,False,1.6702615321676468,1.9775128269999998,0.44360871627937754,0.47509978300000055,-0.07867284829657407,0.3923800000000002,-1.9699818406433487,-0.37684391475198015,1.32924,0.9624824335036444,1.7647528724497439,1.9983863197999998,1.9592485013950942,2.28761653925,0.26604297132107535
51,2,False,False,False,False,False,False,False,False,False,True,False,False,False,False,False,False,False,False,1.4005388230166427,1.941142827,0.6180262838346896,0.6961097830000003,0.008138121216710184,0.0385150000000003,-1.4009342193513161,-0.7714965632895914,2.623055,0.9824146657783313,1.7625579625074081,2.3836213198000005,1.7343280332183977,2.5026215392499997,0.3438114843854582
48,2,False,False,False,False,False,False,False,False,False,True,False,False,False,False,False,False,False,False,2.2669785253207215,2.537547827,0.6762435720717056,0.8621047829999999,-0.2248800024212401,0.6759300000000001,-2.5256914362627136,2.201233897383539,2.3843703460000003,0.9503783796349933,2.4793940236955208,2.7581363198,2.738008389406115,2.9362315392500005,0.3663033126411029
41,5,False,False,False,False,False,False,False,False,False,True,False,False,False,False,False,False,False,False,1.4161130897622916,2.7115978270000003,0.7052573462503787,0.980674783,0.03818616130043038,0.24709499999999984,-1.5641977055870235,-0.28664726038409627,3.4715100000000008,0.8713217146566588,2.0314504067673975,2.899965,2.266703103406196,3.2261165392500004,0.4156748898050582
27,3,False,False,False,False,False,False,False,False,False,True,False,False,False,False,False,False,False,False,1.093459125976912,1.1969878269999998,0.45788498808709155,0.5386247829999999,-0.0046612513627406395,0.3466400000000007,-1.144551100274896,-0.5988150914821977,0.8545396539999999,0.9755653319142635,1.255802865522574,1.3072463198,1.4701507331582884,1.53419153925,0.27298862002143914
23,3,False,False,False,False,False,False,False,False,False,True,False,False,False,False,False,False,False,False,2.297771045502143,2.581092827,0.7567241621440323,0.8931597830000002,-0.06985277741537427,0.6276050000000004,-2.4705522287000865,2.246263186278426,2.5271053460000004,0.9844276244409816,2.4894961453845545,2.804876319800001,2.906313611776246,3.143191539249999,0.32787478874464737
2,2,False,False,False,False,False,False,False,False,False,True,False,False,False,False,False,False,False,False,0.822018783960202,1.501027827,0.29838215668964624,0.4790447830000004,-0.0743571421823743,0.17262000000000022,-0.8006867805947836,-0.2616174819634645,1.126322654,0.998375043253442,1.0342577973755998,1.3359713198000005,1.4445390457832443,1.75518653925,0.2724673921728499
200,3,False,False,False,False,False,False,False,False,False,False,False,True,True,False,True,False,False,False,-0.23684719153177913,0.6247750000000001,-0.7857980295618745,0.8650802169999996,-0.06998510037694075,0.1362469534999997,0.14707896507106197,0.5425749486756455,0.675705346,0.6967408737704773,-0.08285475413770725,0.9512749999999999,0.364496006623781,1.1429850000000001,0.5018543740212821
194,4,False,False,False,False,False,False,False,False,False,False,False,True,True,False,True,False,False,False,-0.17219902338461687,1.2775699999999999,-1.098495571311812,2.246640217,-0.2589148951735016,2.5627569535,-0.5180730442710298,1.2638430495804434,2.1249853460000003,0.7357365220148321,-0.3047762007086913,0.7476200000000002,0.1346820378138907,0.5608650000000002,0.37026182812740394
159,3,False,False,False,False,False,False,False,False,False,False,False,True,True,False,True,False,False,False,-0.5932065788864467,0.9873054999999997,-0.6391092338119264,0.8333652169999999,-0.24896086639803577,0.3174569534999998,0.2764743585476121,0.1882638669761607,0.55776,0.704945253753965,-0.21995593917015063,0.7511399999999999,-0.0192298973824903,0.16331000000000007,0.5661701155962116
146,3,False,False,False,False,False,False,False,False,False,False,False,True,True,False,True,False,False,False,-0.14062829018446768,0.23989499999999975,-0.08363760772329115,0.6631799999999997,-0.025896791870420717,0.07047500000000095,0.11127737810700153,-0.12677397366128224,0.7151700000000005,0.6012027033252826,0.7977781895043415,0.8738463198000002,0.5602520199367362,0.8752865392499998,0.5380147528009217
120,5,False,False,False,False,False,False,False,False,False,False,False,True,True,False,True,False,False,False,0.2816221639376936,1.292545,0.07883443685579318,0.24491999999999958,-0.12872983113336145,0.28043195349999994,-0.4617511395512103,-0.21251274578063803,0.363199654,0.6932404922175885,0.7330603333590593,1.5777600000000005,0.9359021880156931,1.3607815392499996,0.4227679435057159
321,2,False,False,False,False,False,False,False,False,False,False,False,True,True,False,False,False,True,False,0.48657252667086165,1.3297649999999996,-0.3700572543922498,0.8430652169999999,-0.18134536366225198,0.18810195349999947,-0.631561900703415,0.49086426917982123,0.6261153460000002,0.6859241610703622,1.071836676023757,1.818515,1.236308396337763,1.29457653925,0.6859780026293691
124,4,False,False,False,False,False,False,False,False,False,False,False,True,True,False,False,False,True,False,0.36990182226385465,1.348815,0.07428388311617791,0.5556999999999994,-0.09288928785624409,0.20204195349999932,-0.3497726030222617,-0.17013268326444234,0.7807949999999999,0.7023317890760886,1.1578783789142424,1.9199099999999998,1.1877342454983084,1.8248565392499998,0.6666646400232275
166,2,False,False,False,False,False,False,False,False,False,False,False,False,False,True,False,True,False,False,0.04917989535465776,0.12570282700000024,-0.2746183164632184,0.5843950000000002,0.0018007307042090537,0.19198000000000093,-0.05931750510310501,0.2906512357733114,0.92178,0.7082267557269576,-0.25967856769854136,0.3779736801999998,0.01173781066936128,0.22924500000000014,-0.0372024447299005
330,2,False,False,False,False,False,False,False,False,False,False,False,False,False,False,False,True,False,False,0.32622446899003943,0.561847827,0.023323505650896647,0.2982249999999995,-0.0375790194397679,0.06572195349999976,-0.5074520331668871,0.045198270371050585,0.4606650000000003,0.7384841103631565,-0.058790192985659455,0.809885,0.38369843719936153,0.6447815392499998,0.06572674513121894
319,2,False,False,False,False,False,False,False,False,False,False,False,False,False,False,False,True,False,False,0.17901909870105587,0.7346600000000001,-0.6477088786689428,0.7189002169999998,-0.06325780094199838,0.24197000000000024,-0.16365327926530807,0.5283028449420838,0.8151649999999999,0.5419146602254435,-0.36795087438528035,0.9325299999999999,0.05722488930563255,0.7714099999999999,-0.1723593001069903
308,2,False,False,False,False,False,False,False,False,False,False,False,False,False,False,False,True,False,False,0.735169967262917,1.017155,0.04773920502290051,0.9058399999999995,-0.0615181802198905,0.36428695349999973,-0.7654196424413514,0.028417206425134636,0.44982500000000014,0.7445822923660134,0.7460921377828146,0.7541163198000005,0.783814542881041,0.8622615392500004,0.08684310289897568
260,2,False,False,False,False,False,False,False,False,False,False,False,False,False,False,False,True,False,False,0.6545971905205179,0.7414128270000002,0.09527552918410227,0.6181200000000002,-0.10704554897536701,0.15648195349999927,-0.7202328574894963,-0.27021655066452854,0.8345200000000004,0.5655628079612847,1.006141823755106,1.0571313197999999,0.9634645722799593,1.1305815392499996,0.18910923322474657
231,3,False,False,False,False,False,False,False,False,False,False,False,False,False,False,False,True,False,False,0.10334763592090172,0.3575349999999995,-0.05710835491375643,0.1882649999999999,-0.11834886971688156,0.29642695350000015,-0.23738856176379275,0.022123428741125172,0.77942,0.5697820259688798,-0.17944344035246493,0.684555,0.0012967270288055377,0.10595500000000002,-0.12085011884502889
171,4,False,False,False,False,False,False,False,False,False,False,False,False,False,False,False,True,False,False,0.4631743064288268,1.74683,0.18271958984331196,0.5254749999999992,-0.07324479350524352,0.18449695349999917,-0.4550740954992082,-0.21915557691610305,0.42218999999999984,0.6383625372254658,1.2982312550698,2.01896,0.8671091262771738,1.3926215392499999,0.08241167055925672
143,4,False,False,False,False,False,False,False,False,False,False,False,False,False,False,False,True,False,False,0.4301984422625624,1.1745000000000003,-0.053243347560245534,0.3449049999999998,-0.07254612720446689,0.2539600000000011,-0.3950517483411727,0.09018915933316993,0.4698899999999999,0.548425372761005,0.8631620948055877,1.634175,0.364895958124277,1.2326150000000002,-0.013201807025008203
139,3,False,False,False,False,False,False,False,False,False,False,False,False,False,False,False,True,False,False,0.19572173100433682,0.6835550000000001,-0.035292892277590145,0.5880649999999998,-0.0945730061838416,0.23642695349999965,-0.18274626290115892,-0.07893431293591989,0.6462699999999999,0.5699047646627565,0.38919549271323617,1.132555,0.07394325729543377,0.58605,-0.0640575890648779
134,5,False,False,False,False,False,False,False,False,False,False,False,False,False,False,False,True,False,False,0.3985215704547566,0.795115,0.07570572181575351,0.44063999999999925,-0.07721765800099628,0.1934800000000001,-0.42019245389275606,-0.19209692599997116,0.4515199999999999,0.5037781274019458,0.5967401479689569,0.8114663198000001,0.31313724111116564,1.0968200000000001,0.04134761739809626
72,2,False,False,False,False,False,False,False,False,False,False,False,False,False,False,False,True,False,False,0.8950073319096884,0.983895,0.5214501085434309,0.5613647829999997,-0.08094232174162763,0.08752195350000047,-0.9283107762206636,-0.6097728826551959,0.9606246540000001,0.7404349590335281,0.9771495692973176,0.9838863197999999,0.7026257356279934,0.7878565392499999,-0.18914342151288122
42,2,False,False,False,False,False,False,False,False,False,False,False,False,False,False,False,True,False,False,0.7079453819533928,1.1814728270000001,-0.49759476700524524,0.9634550000000002,-0.2556321315727566,0.34855695350000016,-1.107095895350295,0.41337703178790786,1.153625,0.6467202514916162,0.43392096302050365,1.6814799999999999,0.5590843951586137,2.116205,0.15478982853199594
28,4,False,False,False,False,False,False,False,False,False,False,False,False,False,False,False,True,False,False,0.30250463475849787,1.2528099999999998,-0.04638726947283365,0.7553900000000002,-0.06583035706139699,0.39450500000000055,-0.2936127110058107,-0.11157372457492894,0.7585100000000002,0.640177616170624,0.6620341336113188,1.8590099999999998,0.4790891663231367,1.5266400000000004,0.0889244466805385
158,4,False,False,False,False,False,False,False,False,False,False,False,False,False,False,False,False,False,False,-0.24289871300280877,0.6095021730000001,-0.18087986626270783,0.8823600000000003,-0.04630049820034031,0.25480500000000106,0.1500121419561506,0.18096860106155382,0.7743700000000002,0.5987057748875697,-0.5506729106147179,0.7275786801999999,0.030914725390808598,0.8401449999999999,0.2594936334882023
4,2,False,False,False,False,False,False,False,False,False,False,False,False,False,False,False,False,False,False,1.7744817133208304,1.905572827,0.387408483791202,0.4668747830000002,-0.15644407485328707,0.2434219534999995,-2.0635131461743477,-0.3481172859114859,1.6715200000000001,0.6694655495410001,2.03104572918066,2.1277013198,2.2619977992298614,2.3565165392500003,0.4273551977981921
1,3,False,False,False,False,False,False,False,False,False,False,False,False,False,False,False,False,False,False,1.4147199772397,1.671362827,0.4428819365470769,0.5889547829999997,-0.22824406899619665,0.41349695350000015,-1.7181052864706263,-0.5868663376602757,0.8247096539999998,0.7446972127392436,1.8600490496018265,1.9293613198,2.1091322605043374,2.1873815392499996,0.4772446957081919
